-- phpMyAdmin SQL Dump
-- version 4.1.12
-- http://www.phpmyadmin.net
--
-- Host: 127.0.0.1
-- Generation Time: Apr 09, 2016 at 03:03 PM
-- Server version: 5.6.16
-- PHP Version: 5.5.11

SET SQL_MODE = "NO_AUTO_VALUE_ON_ZERO";
SET time_zone = "+00:00";


/*!40101 SET @OLD_CHARACTER_SET_CLIENT=@@CHARACTER_SET_CLIENT */;
/*!40101 SET @OLD_CHARACTER_SET_RESULTS=@@CHARACTER_SET_RESULTS */;
/*!40101 SET @OLD_COLLATION_CONNECTION=@@COLLATION_CONNECTION */;
/*!40101 SET NAMES utf8 */;

--
-- Database: `sapient_imp`
--

-- --------------------------------------------------------

--
-- Table structure for table `accounts`
--

CREATE TABLE IF NOT EXISTS `accounts` (
  `id` int(11) NOT NULL AUTO_INCREMENT,
  `name` varchar(200) NOT NULL,
  `billable` tinyint(1) NOT NULL,
  PRIMARY KEY (`id`)
) ENGINE=InnoDB  DEFAULT CHARSET=latin1 AUTO_INCREMENT=8 ;

--
-- Dumping data for table `accounts`
--

INSERT INTO `accounts` (`id`, `name`, `billable`) VALUES
(2, 'Managed Services Hours', 0),
(3, 'Managed Services Project Work', 1),
(4, 'Business Support Hours', 1),
(5, 'Business Support Project Work', 1),
(6, 'Break/Fix Hours', 1),
(7, 'Not Billed', 0);

-- --------------------------------------------------------

--
-- Table structure for table `agreements`
--

CREATE TABLE IF NOT EXISTS `agreements` (
  `id` int(11) NOT NULL AUTO_INCREMENT,
  `name` varchar(200) NOT NULL,
  `default_account_id` int(10) NOT NULL,
  `default_BH_rate_id` int(10) NOT NULL,
  `default_AH_rate_id` int(10) NOT NULL,
  `default_project_account_id` int(10) NOT NULL,
  `default_project_rate_bh_id` int(10) NOT NULL,
  `default_project_rate_ah_id` int(10) NOT NULL,
  PRIMARY KEY (`id`)
) ENGINE=InnoDB  DEFAULT CHARSET=latin1 AUTO_INCREMENT=4 ;

--
-- Dumping data for table `agreements`
--

INSERT INTO `agreements` (`id`, `name`, `default_account_id`, `default_BH_rate_id`, `default_AH_rate_id`, `default_project_account_id`, `default_project_rate_bh_id`, `default_project_rate_ah_id`) VALUES
(1, 'Managed Service Agreement', 2, 5, 1, 3, 4, 3),
(2, 'Business Support ', 4, 1, 2, 5, 3, 3),
(3, 'Break/Fix', 6, 3, 6, 6, 3, 6);

-- --------------------------------------------------------

--
-- Table structure for table `article`
--

CREATE TABLE IF NOT EXISTS `article` (
  `id` int(11) NOT NULL AUTO_INCREMENT,
  `user_id` int(11) NOT NULL,
  `title` varchar(255) COLLATE utf8_unicode_ci NOT NULL,
  `summary` text COLLATE utf8_unicode_ci NOT NULL,
  `content` text COLLATE utf8_unicode_ci NOT NULL,
  `status` int(11) NOT NULL,
  `category` int(11) NOT NULL,
  `created_at` int(11) NOT NULL,
  `updated_at` int(11) NOT NULL,
  PRIMARY KEY (`id`),
  KEY `user_id` (`user_id`)
) ENGINE=InnoDB DEFAULT CHARSET=utf8 COLLATE=utf8_unicode_ci AUTO_INCREMENT=1 ;

-- --------------------------------------------------------

--
-- Table structure for table `auth_assignment`
--

CREATE TABLE IF NOT EXISTS `auth_assignment` (
  `item_name` varchar(64) COLLATE utf8_unicode_ci NOT NULL,
  `user_id` int(11) NOT NULL,
  `created_at` int(11) DEFAULT NULL,
  PRIMARY KEY (`item_name`,`user_id`)
) ENGINE=InnoDB DEFAULT CHARSET=utf8 COLLATE=utf8_unicode_ci;

--
-- Dumping data for table `auth_assignment`
--

INSERT INTO `auth_assignment` (`item_name`, `user_id`, `created_at`) VALUES
('Technician', 5, NULL),
('Technician', 13, NULL),
('Technician', 14, NULL),
('Technician', 15, NULL),
('theCreator', 2, 1426969380);

-- --------------------------------------------------------

--
-- Table structure for table `auth_item`
--

CREATE TABLE IF NOT EXISTS `auth_item` (
  `name` varchar(64) COLLATE utf8_unicode_ci NOT NULL,
  `type` int(11) NOT NULL,
  `description` text COLLATE utf8_unicode_ci,
  `rule_name` varchar(64) COLLATE utf8_unicode_ci DEFAULT NULL,
  `data` text COLLATE utf8_unicode_ci,
  `created_at` int(11) DEFAULT NULL,
  `updated_at` int(11) DEFAULT NULL,
  PRIMARY KEY (`name`),
  KEY `rule_name` (`rule_name`),
  KEY `idx-auth_item-type` (`type`)
) ENGINE=InnoDB DEFAULT CHARSET=utf8 COLLATE=utf8_unicode_ci;

--
-- Dumping data for table `auth_item`
--

INSERT INTO `auth_item` (`name`, `type`, `description`, `rule_name`, `data`, `created_at`, `updated_at`) VALUES
('Accounts', 1, 'Accounts can create invoices and billiongs from tickets', NULL, NULL, 1427246611, 1427246611),
('IMP Admin', 1, 'IMP Admin can modify settings in the Application', NULL, NULL, 1427246611, 1427246611),
('Technician', 1, 'Technician can look at and modify tickets, add purchases and other items to a ticket', NULL, NULL, 1427246611, 1427246611),
('theCreator', 1, 'You!', NULL, NULL, 1426969342, 1426969342),
('useAccounts', 2, 'Allows Users to interact with the Accounts Subsystem', NULL, NULL, 1427246610, 1427246610),
('useAdmin', 2, 'Allows Users to interact with the Admin Subsystem', NULL, NULL, 1427246610, 1427246610),
('useTickets', 2, 'Allows Users to interact with the Ticket Subsystem', NULL, NULL, 1427246610, 1427246610);

-- --------------------------------------------------------

--
-- Table structure for table `auth_item_child`
--

CREATE TABLE IF NOT EXISTS `auth_item_child` (
  `parent` varchar(64) COLLATE utf8_unicode_ci NOT NULL,
  `child` varchar(64) COLLATE utf8_unicode_ci NOT NULL,
  PRIMARY KEY (`parent`,`child`),
  KEY `child` (`child`)
) ENGINE=InnoDB DEFAULT CHARSET=utf8 COLLATE=utf8_unicode_ci;

--
-- Dumping data for table `auth_item_child`
--

INSERT INTO `auth_item_child` (`parent`, `child`) VALUES
('Accounts', 'useAccounts'),
('IMP Admin', 'useAccounts'),
('theCreator', 'useAccounts'),
('IMP Admin', 'useAdmin'),
('theCreator', 'useAdmin'),
('Accounts', 'useTickets'),
('IMP Admin', 'useTickets'),
('Technician', 'useTickets'),
('theCreator', 'useTickets');

-- --------------------------------------------------------

--
-- Table structure for table `auth_rule`
--

CREATE TABLE IF NOT EXISTS `auth_rule` (
  `name` varchar(64) COLLATE utf8_unicode_ci NOT NULL,
  `data` text COLLATE utf8_unicode_ci,
  `created_at` int(11) DEFAULT NULL,
  `updated_at` int(11) DEFAULT NULL,
  PRIMARY KEY (`name`)
) ENGINE=InnoDB DEFAULT CHARSET=utf8 COLLATE=utf8_unicode_ci;

--
-- Dumping data for table `auth_rule`
--

INSERT INTO `auth_rule` (`name`, `data`, `created_at`, `updated_at`) VALUES
('isAuthor', 'O:25:"app\\rbac\\rules\\AuthorRule":3:{s:4:"name";s:8:"isAuthor";s:9:"createdAt";i:1426969341;s:9:"updatedAt";i:1426969341;}', 1426969341, 1426969341);

-- --------------------------------------------------------

--
-- Table structure for table `charge_rates`
--

CREATE TABLE IF NOT EXISTS `charge_rates` (
  `id` int(10) NOT NULL AUTO_INCREMENT,
  `name` varchar(200) NOT NULL,
  `time_increment` int(10) NOT NULL,
  `abriev` varchar(5) DEFAULT NULL,
  `status` int(5) NOT NULL,
  `integration_1` varchar(10) DEFAULT NULL,
  `integration_2` varchar(10) DEFAULT NULL,
  `integration_3` varchar(10) DEFAULT NULL,
  `integration_4` varchar(10) DEFAULT NULL,
  `integration_5` varchar(10) DEFAULT NULL,
  PRIMARY KEY (`id`)
) ENGINE=InnoDB  DEFAULT CHARSET=latin1 AUTO_INCREMENT=8 ;

--
-- Dumping data for table `charge_rates`
--

INSERT INTO `charge_rates` (`id`, `name`, `time_increment`, `abriev`, `status`, `integration_1`, `integration_2`, `integration_3`, `integration_4`, `integration_5`) VALUES
(1, 'Business Support - Business Hours', 15, 'BS-BH', 1, NULL, NULL, NULL, NULL, NULL),
(2, 'Business Support - After Hours', 30, 'BS-AH', 1, NULL, NULL, NULL, NULL, NULL),
(3, 'Break/Fix', 15, 'B/F', 1, NULL, NULL, NULL, NULL, NULL),
(4, 'Managed Services Project Work', 15, 'MS-P', 1, NULL, NULL, NULL, NULL, NULL),
(5, 'Managed Services', 15, 'MS', 1, NULL, NULL, NULL, NULL, NULL),
(6, ' Break/Fix After Hours', 60, 'BF-AH', 1, NULL, NULL, NULL, NULL, NULL),
(7, 'Not Billable', 15, 'NB', 1, NULL, NULL, NULL, NULL, NULL);

-- --------------------------------------------------------

--
-- Table structure for table `charge_rates_amounts`
--

CREATE TABLE IF NOT EXISTS `charge_rates_amounts` (
  `id` int(10) NOT NULL AUTO_INCREMENT,
  `valid_from_date` date NOT NULL,
  `amount` float NOT NULL,
  `charge_rate_id` int(100) NOT NULL,
  PRIMARY KEY (`id`)
) ENGINE=InnoDB  DEFAULT CHARSET=latin1 AUTO_INCREMENT=11 ;

--
-- Dumping data for table `charge_rates_amounts`
--

INSERT INTO `charge_rates_amounts` (`id`, `valid_from_date`, `amount`, `charge_rate_id`) VALUES
(3, '2015-11-18', 95, 1),
(4, '2016-01-01', 109, 1),
(5, '2016-01-01', 159, 2),
(6, '2016-01-01', 159, 3),
(7, '2016-01-01', 109, 4),
(8, '2016-01-01', 0, 5),
(9, '2016-01-01', 245, 6),
(10, '2016-01-01', 0, 7);

-- --------------------------------------------------------

--
-- Table structure for table `client`
--

CREATE TABLE IF NOT EXISTS `client` (
  `id` int(11) NOT NULL AUTO_INCREMENT,
  `name` varchar(500) NOT NULL,
  `address` varchar(500) DEFAULT NULL,
  `city` varchar(500) DEFAULT NULL,
  `state` varchar(10) DEFAULT NULL,
  `postcode` int(4) DEFAULT NULL,
  `phone1` varchar(50) DEFAULT NULL,
  `phone2` varchar(50) DEFAULT NULL,
  `ABN` varchar(50) DEFAULT NULL,
  `notes` varchar(500) DEFAULT NULL,
  `agreement_id` int(10) NOT NULL,
  `accountBillTo` int(5) DEFAULT NULL,
  `FK1` int(30) DEFAULT NULL,
  `FK2` int(30) DEFAULT NULL,
  `FK3` int(30) DEFAULT NULL,
  `FK4` int(30) DEFAULT NULL,
  `FK5` int(30) DEFAULT NULL,
  `labtech` tinyint(1) DEFAULT NULL,
  `last_change` datetime DEFAULT NULL,
  `sync_status` int(5) NOT NULL,
  `contact_billing` int(5) DEFAULT NULL,
  `contact_authorized` int(5) DEFAULT NULL,
  `contact_owner` int(5) DEFAULT NULL,
  PRIMARY KEY (`id`)
) ENGINE=InnoDB  DEFAULT CHARSET=latin1 AUTO_INCREMENT=186 ;

--
-- Dumping data for table `client`
--

INSERT INTO `client` (`id`, `name`, `address`, `city`, `state`, `postcode`, `phone1`, `phone2`, `ABN`, `notes`, `agreement_id`, `accountBillTo`, `FK1`, `FK2`, `FK3`, `FK4`, `FK5`, `labtech`, `last_change`, `sync_status`, `contact_billing`, `contact_authorized`, `contact_owner`) VALUES
(90, 'Oscar Hospitality', 'Suite 2, Level 2, 295 Springvale Road', 'Glen Waverley', 'Victoria', 3150, '(03) 9560 1844', '(03) 9885 2648', NULL, '', 2, NULL, 27, NULL, NULL, NULL, NULL, 1, '2016-03-14 13:09:33', 0, NULL, NULL, NULL),
(91, 'BDKG Pty Ltd', '', '', '', NULL, '9943 3858', '', NULL, '', 1, NULL, 60, NULL, NULL, NULL, NULL, 1, '2016-03-14 13:09:45', 0, NULL, NULL, NULL),
(92, 'Kelly Woodward', '', '', '', NULL, '9717 0048', '', NULL, 'kellie_woodward@travel-associates.com.au', 3, NULL, 76, NULL, NULL, NULL, NULL, 1, '2016-03-06 09:34:24', 0, NULL, NULL, NULL),
(93, 'Savi Loans Pty Ltd', '', '', '', NULL, '0411 393 049', '', NULL, 'Savi Loans Pty Ltd abn is 89 130 547 401\r\nSole Trader ABN 275 209 26973\r\nMortgage Broker crn 453786 \r\nM:  0411 393 049  F:  03 9459 4569    \r\nE:    nataliesavic@saviloans.com.au\r\nW:  www.saviloans.com.au\r\n\r\nof BLSSA Pty Ltd ACL 391237\r\n', 1, NULL, 84, NULL, NULL, NULL, NULL, 1, '2016-03-14 13:09:59', 0, NULL, NULL, NULL),
(94, 'You Are Good Enough', '', '', '', NULL, '', '', NULL, 'ABN 51435650157', 3, NULL, 86, NULL, NULL, NULL, NULL, 1, '2016-03-06 09:34:24', 0, NULL, NULL, NULL),
(95, 'GDMC', '', '', '', NULL, '', '', NULL, '', 3, NULL, 87, NULL, NULL, NULL, NULL, 1, '2016-03-06 09:34:24', 0, NULL, NULL, NULL),
(96, 'Paul Broadfoot', 'Suite G6, Corporate One, 84 Hotham Street', 'Preston', 'VICTORIA', 3072, '0400 605 889', '', NULL, '', 3, NULL, 88, NULL, NULL, NULL, NULL, 1, '2016-03-06 09:34:24', 0, NULL, NULL, NULL),
(98, 'test 1', 'dfasdfdfs', 'test', '', NULL, '', '', NULL, '', 3, NULL, 89, NULL, NULL, NULL, NULL, 0, '2016-03-14 13:26:44', 0, NULL, NULL, NULL),
(99, '.Sapient Technology Solutions', 'Suite 3, 1501 Malvern Road', 'Glen Iris', 'Vic', 3146, '03 9824 8042', '', NULL, '', 3, NULL, 1, NULL, NULL, NULL, NULL, 1, '2016-03-13 15:42:20', 0, NULL, NULL, NULL),
(100, 'Irwin Stock Feeds', '1 Laurens Street', 'North Melbourne', 'Victoria', 3051, '03 93282681', '', NULL, 'OWA URL: https://red003.mail.apac.microsoftonline.com/owa\r\n\r\nExchange Server: SG1RD3XVS361.red003.local\r\nProxy: red003.mail.apac.microsoftonline.com\r\n	- Connect using SSL only\r\n		- msstd:*.mail.apac.microsoftonline.com\r\n	- on fast networks,\r\n	- on slow networks\r\nNTLM Authentication\r\n\r\nUsername - Admin@irwinstockfeeds.apac.microsoftonline.com\r\nOLD Password - Cczm77051\r\nNEW Password - K@pp@1976\r\nURL - https://admin.microsoftonline.com/login.aspx\r\n\r\n', 1, NULL, 2, NULL, NULL, NULL, NULL, 1, '2016-03-14 13:26:24', 0, NULL, NULL, NULL),
(101, 'Aaron Laboratories', '', '', '', NULL, '(03) 9706 7673', '', NULL, 'payables@aaronlab.com.au', 3, NULL, 3, NULL, NULL, NULL, NULL, 1, '2016-03-13 15:42:20', 0, NULL, NULL, NULL),
(102, 'Mode Design Corp', 'Level 1 / 292 Church Street', 'Richmond', 'Vic', 3121, '03 9428 8807', '', NULL, '', 3, NULL, 4, NULL, NULL, NULL, NULL, 1, '2016-03-13 15:42:20', 0, NULL, NULL, NULL),
(103, 'Jilted Developments Pty Ltd', '10 Sherwood Street Richmond', 'Richmond', '', NULL, '0414339611', '', NULL, '', 3, NULL, 5, NULL, NULL, NULL, NULL, 1, '2016-03-13 15:42:20', 0, NULL, NULL, NULL),
(104, 'Deaf Children Australia', '', '', '', NULL, '', '', NULL, 'cc 4564 8092 0449 2866 \r\n10/16\r\ncsc: 750\r\n\r\nName Zarina Tremellen', 3, NULL, 6, NULL, NULL, NULL, NULL, 1, '2016-03-13 15:42:20', 0, NULL, NULL, NULL),
(105, 'LBA Joinery', '', '', '', NULL, '', '', NULL, '', 3, NULL, 7, NULL, NULL, NULL, NULL, 1, '2016-03-13 15:42:20', 0, NULL, NULL, NULL),
(106, 'Plexus', '1/149 Northern Rd', 'Heidelberg Height', 'VIC', 3081, '94862500', '', NULL, '1/149 Northern Rd \r\nHeidelberg Heights VIC 3081\r\n', 3, NULL, 8, NULL, NULL, NULL, NULL, 1, '2016-03-13 15:42:20', 0, NULL, NULL, NULL),
(107, 'Edgard Pirrotta', '', '', '', NULL, '03 9419 8099', '', NULL, '', 3, NULL, 9, NULL, NULL, NULL, NULL, 1, '2016-03-13 15:42:20', 0, NULL, NULL, NULL),
(108, 'Hansen Consulting', '', '', '', NULL, '9348 0934', '', NULL, '', 3, NULL, 10, NULL, NULL, NULL, NULL, 1, '2016-03-13 15:42:20', 0, NULL, NULL, NULL),
(109, 'Eastbourne Trading (French Oak Floors)', '03 9533 6206', 'St Kilda', 'VIC', 3182, '03 9533 6206', '', NULL, '', 3, NULL, 11, NULL, NULL, NULL, NULL, 1, '2016-03-13 15:42:20', 0, NULL, NULL, NULL),
(110, 'Ripponlea Primary', '', '', '', NULL, '03 9527 5728', '', NULL, '', 3, NULL, 12, NULL, NULL, NULL, NULL, 1, '2016-03-13 15:42:20', 0, NULL, NULL, NULL),
(111, 'Caulfield Junior College', '', '', '', NULL, '', '', NULL, 'Contact Rachelle Meuse, Cat or Debbie', 3, NULL, 13, NULL, NULL, NULL, NULL, 1, '2016-03-13 15:42:20', 0, NULL, NULL, NULL),
(112, 'Aaron Financial Services', 'Suite 304', 'Melbourne', 'Vic', 3004, '(03) 9867 5596', '(03) 9867 5474', NULL, '', 2, NULL, 14, NULL, NULL, NULL, NULL, 1, '2016-03-14 13:27:13', 0, NULL, NULL, NULL),
(113, 'Bicycle Super Store', '', '', '', NULL, '', '', NULL, '', 1, NULL, 15, NULL, NULL, NULL, NULL, 1, '2016-03-14 17:43:46', 0, NULL, NULL, NULL),
(114, 'Eureka Tower', '7 Riverside Quay, South Bank', '', '', NULL, '03 9685 0114', '03 9696 7559', NULL, 'Loading dock number: 9685 0116', 3, NULL, 16, NULL, NULL, NULL, NULL, 1, '2016-03-13 15:42:20', 0, NULL, NULL, NULL),
(115, 'Lash Out Lashes', 'Suite 2, 935 station St', 'Box Hill North', 'Vic', NULL, '', '', NULL, '', 3, NULL, 17, NULL, NULL, NULL, NULL, 1, '2016-03-13 15:42:20', 0, NULL, NULL, NULL),
(116, 'Total Aluminium Fabricators Pty Ltd', 'Suite 1A, 391 Settlement Road', 'Thomastown', 'Vicq', 3074, '03 9465 8939', '', NULL, '', 3, NULL, 18, NULL, NULL, NULL, NULL, 1, '2016-03-13 15:42:20', 0, NULL, NULL, NULL),
(117, 'Home Users', '', '', '', NULL, '', '', NULL, '', 3, NULL, 19, NULL, NULL, NULL, NULL, 1, '2016-03-13 15:42:20', 0, NULL, NULL, NULL),
(118, 'Gerra Pty Ltd', '', '', '', NULL, '', '', NULL, 'ABN: 53 004 855 127', 3, NULL, 20, NULL, NULL, NULL, NULL, 1, '2016-03-13 15:42:20', 0, NULL, NULL, NULL),
(119, 'Max Power Electrical', '17 Haleys Gully Rd,', 'Hurstbridge', 'Vic', NULL, '0439 645 232', '', NULL, '', 3, NULL, 22, NULL, NULL, NULL, NULL, 1, '2016-03-13 15:42:20', 0, NULL, NULL, NULL),
(120, 'Bogong Management Services', '145 Miller St', 'Thornbury', 'Vic', 3071, '03 9416 7422', '', NULL, '', 3, NULL, 23, NULL, NULL, NULL, NULL, 1, '2016-03-13 15:42:20', 0, NULL, NULL, NULL),
(121, 'Focussed Books', '', '', '', NULL, '', '', NULL, '', 3, NULL, 24, NULL, NULL, NULL, NULL, 1, '2016-03-13 15:42:20', 0, NULL, NULL, NULL),
(122, 'Gascon Systems Pty Ltd', '24 Ford Crescent', 'Thornbury', 'Victoria', 3071, '61-3-9499 4100', '61-3-9499 4111', NULL, 'Main ABN: 74 716 626 338\r\n\r\nOther ABN: 67 059 479 257 GASCON SYSTEMS PTY. LTD.', 3, NULL, 25, NULL, NULL, NULL, NULL, 1, '2016-03-13 15:42:20', 0, NULL, NULL, NULL),
(123, 'Phillips & Wilkins', '', '', '', NULL, '', '', NULL, '', 3, NULL, 26, NULL, NULL, NULL, NULL, 1, '2016-03-13 15:42:20', 0, NULL, NULL, NULL),
(124, 'Red Alligator', '', '', '', NULL, '', '', NULL, '', 3, NULL, 28, NULL, NULL, NULL, NULL, 1, '2016-03-13 15:42:20', 0, NULL, NULL, NULL),
(125, 'The Loan Operator', '133 Mitchel St,', 'Northcote', 'vic', NULL, '', '', NULL, '', 3, NULL, 29, NULL, NULL, NULL, NULL, 1, '2016-03-13 15:42:20', 0, NULL, NULL, NULL),
(126, 'Interactive Whiteboards Australia', '', '', '', NULL, '', '', NULL, '', 3, NULL, 30, NULL, NULL, NULL, NULL, 1, '2016-03-13 15:42:20', 0, NULL, NULL, NULL),
(127, 'Oscar 3CP', '', '', '', NULL, '', '', NULL, '', 3, NULL, 31, NULL, NULL, NULL, NULL, 1, '2016-03-13 15:42:20', 0, NULL, NULL, NULL),
(128, 'Michael Morris Architects', '21 Laity Street', 'Richmond', 'vic', 3121, '9421 3332', '', NULL, '', 3, NULL, 32, NULL, NULL, NULL, NULL, 1, '2016-03-13 15:42:20', 0, NULL, NULL, NULL),
(129, 'Mill Park Community House', '68 Mill Park Dr', 'Mill Park', 'VIC', 3082, '(03) 9404 4565', '', NULL, '', 3, NULL, 33, NULL, NULL, NULL, NULL, 1, '2016-03-13 15:42:20', 0, NULL, NULL, NULL),
(130, 'A.L.D. Linen Services', '45 Jesica Rd', 'Campbellfield', '', 3061, '03 9357 7400', '9357 7973', NULL, '', 3, NULL, 34, NULL, NULL, NULL, NULL, 1, '2016-03-13 15:42:20', 0, NULL, NULL, NULL),
(131, 'Victoria Point Towers', '100-120 Harbour Esplanade', '', '', NULL, '0433451174', '', NULL, '', 3, NULL, 35, NULL, NULL, NULL, NULL, 1, '2016-03-13 15:42:20', 0, NULL, NULL, NULL),
(132, 'Eastbourne Trading', 'Rear, 24 Wellington Street', 'St Kilda', 'VIC', 3182, '03 9533 6206', '', NULL, '', 3, NULL, 36, NULL, NULL, NULL, NULL, 1, '2016-03-13 15:42:20', 0, NULL, NULL, NULL),
(133, 'Minemet', 'Suite 6', 'South Yarra', 'Victoria', 3141, '9826 8745', '', NULL, '', 3, NULL, 37, NULL, NULL, NULL, NULL, 1, '2016-03-13 15:42:20', 0, NULL, NULL, NULL),
(134, 'Advice for Living', '10/75 Main Hurstbridge Road', 'Diamond Creek', '', 3089, '03 8370 5307', '03 8692 1083', NULL, '', 3, NULL, 38, NULL, NULL, NULL, NULL, 1, '2016-03-13 15:42:20', 0, NULL, NULL, NULL),
(135, 'Real Estate Real Easy', '', '', '', NULL, '0411 515 505', '', NULL, '', 3, NULL, 39, NULL, NULL, NULL, NULL, 1, '2016-03-13 15:42:20', 0, NULL, NULL, NULL),
(136, 'Re-Med', '', '', '', NULL, '(03) 9431 0331', '', NULL, 'Room 1 - (LHS as you walk in) PC = ROOM3', 3, NULL, 40, NULL, NULL, NULL, NULL, 1, '2016-03-13 15:42:20', 0, NULL, NULL, NULL),
(137, 'Integrity Cleaning Services', '', '', '', NULL, '', '', NULL, '', 3, NULL, 41, NULL, NULL, NULL, NULL, 1, '2016-03-13 15:42:20', 0, NULL, NULL, NULL),
(138, 'Supply Change', '', '', '', NULL, '', '', NULL, 'ABN 18 248 976 458', 3, NULL, 42, NULL, NULL, NULL, NULL, 1, '2016-03-13 15:42:20', 0, NULL, NULL, NULL),
(139, 'Kiara International', '2 Coopers Lane', 'Kensington', 'Vic', NULL, '0432 260 305', '', NULL, 'ABN: 18 930 363 406', 3, NULL, 43, NULL, NULL, NULL, NULL, 1, '2016-03-13 15:42:20', 0, NULL, NULL, NULL),
(140, 'Joel Buncle Video Productions', '', '', '', NULL, '', '', NULL, '', 3, NULL, 44, NULL, NULL, NULL, NULL, 1, '2016-03-13 15:42:20', 0, NULL, NULL, NULL),
(141, 'Roartastic Shelving', '', '', '', NULL, '', '', NULL, '', 3, NULL, 45, NULL, NULL, NULL, NULL, 1, '2016-03-13 15:42:20', 0, NULL, NULL, NULL),
(142, 'Veracity Media', 'Suite 6/752 Blackburn Road', 'Clayton', 'Vic', 3178, '03 9544 8884', '', NULL, '', 3, NULL, 46, NULL, NULL, NULL, NULL, 1, '2016-03-13 15:42:20', 0, NULL, NULL, NULL),
(143, 'Jane Sloan', '', '', '', NULL, '', '', NULL, '', 3, NULL, 47, NULL, NULL, NULL, NULL, 1, '2016-03-13 15:42:20', 0, NULL, NULL, NULL),
(144, 'Celebrate Cleaning', '', '', '', NULL, '0417 964 092', '', NULL, 'ABN - 16178979144', 3, NULL, 48, NULL, NULL, NULL, NULL, 1, '2016-03-13 15:42:20', 0, NULL, NULL, NULL),
(145, 'HR Gurus', '', '', '', NULL, '', '', NULL, '71 138 960 013\r\n\r\nCurrent Coverage:\r\nALYSHA\r\nEMILYJAKSCH\r\nLAPTOP-K7N9PF2T replaces VOS', 3, NULL, 49, NULL, NULL, NULL, NULL, 1, '2016-03-13 15:42:20', 0, NULL, NULL, NULL),
(146, '81up', '', '', '', NULL, '(03) 9832-0816', '', NULL, '', 3, NULL, 50, NULL, NULL, NULL, NULL, 1, '2016-03-13 15:42:20', 0, NULL, NULL, NULL),
(147, 'David Saunders Plumbing', '', '', '', NULL, '', '', NULL, '', 3, NULL, 51, NULL, NULL, NULL, NULL, 1, '2016-03-13 15:42:20', 0, NULL, NULL, NULL),
(148, 'Rosanna Chiropractic Health Centre', '40 Waiora Rd', 'Rosanna', 'VIC', 3084, '(03) 9457-5585', '', NULL, '', 3, NULL, 52, NULL, NULL, NULL, NULL, 1, '2016-03-13 15:42:20', 0, NULL, NULL, NULL),
(149, 'More Profit Less Time', '3 / 333 Wantirna Road', 'Wantirna', 'VIC', 3152, '0411 755 153', '', NULL, 'More Profit Less Time \r\n3 / 333 Wantirna Road \r\nWantirna, VIC 3152 \r\nTelephone: 0411 755 153\r\n', 3, NULL, 53, NULL, NULL, NULL, NULL, 1, '2016-03-13 15:42:20', 0, NULL, NULL, NULL),
(150, 'Visual Pro', '', '', '', NULL, '', '', NULL, '', 3, NULL, 54, NULL, NULL, NULL, NULL, 1, '2016-03-13 15:42:20', 0, NULL, NULL, NULL),
(151, 'Peter Worcester', '1/31 Marne St, South Yarra', '', '', NULL, '0414303322', '', NULL, 'dob 7 april 1954\r\nABN 76100499652', 3, NULL, 55, NULL, NULL, NULL, NULL, 1, '2016-03-13 15:42:20', 0, NULL, NULL, NULL),
(152, 'Photo Direct', '4/109 Whitehorse Road', 'Blackburn', 'Vic', 3130, '98941644', '', NULL, '1300 364 817', 3, NULL, 56, NULL, NULL, NULL, NULL, 1, '2016-03-13 15:42:20', 0, NULL, NULL, NULL),
(153, 'Chapman Plumbing', '', '', '', NULL, '', '', NULL, '', 3, NULL, 57, NULL, NULL, NULL, NULL, 1, '2016-03-13 15:42:20', 0, NULL, NULL, NULL),
(154, 'Adaptive Security', '1903/594 St Kilda RD', 'Mlebourne', 'Vic', 3004, '', '', NULL, '', 3, NULL, 58, NULL, NULL, NULL, NULL, 1, '2016-03-13 15:42:20', 0, NULL, NULL, NULL),
(155, 'John Mc Sweeney', '', '', '', NULL, '', '', NULL, '', 3, NULL, 59, NULL, NULL, NULL, NULL, 1, '2016-03-13 15:42:20', 0, NULL, NULL, NULL),
(156, 'Design Consigned', '', '', '', NULL, '', '', NULL, 'ABN - 85167490608', 3, NULL, 61, NULL, NULL, NULL, NULL, 1, '2016-03-13 15:42:20', 0, NULL, NULL, NULL),
(157, 'Sargeants - Craig', '15 Burwood Hwy', 'Burwood', 'VIC', NULL, '', '', NULL, '', 3, NULL, 62, NULL, NULL, NULL, NULL, 1, '2016-03-13 15:42:20', 0, NULL, NULL, NULL),
(158, 'Motorcycle Events Group Australia', '15-17 Rodeo Drive', 'Dandenong', 'VIC', 3175, '1300 793 423', '', NULL, 'ABN 11077668323', 3, NULL, 63, NULL, NULL, NULL, NULL, 1, '2016-03-13 15:42:20', 0, NULL, NULL, NULL),
(159, 'Synkd', '', '', '', NULL, '', '', NULL, 'ABN 31 925 561 752', 3, NULL, 64, NULL, NULL, NULL, NULL, 1, '2016-03-13 15:42:20', 0, NULL, NULL, NULL),
(160, 'Reverse Skin Clinic', '21 Carters Avenue', 'Toorak', 'Vic', NULL, '9827 1414', '', NULL, 'Reverse Skin Clinic\r\n21 Carters Ave\r\nToorak, 3142\r\n \r\n9827 1414\r\n', 3, NULL, 65, NULL, NULL, NULL, NULL, 1, '2016-03-13 15:42:20', 0, NULL, NULL, NULL),
(161, 'Medsurge Healthcare Pty Ltd', 'Unit 2', 'Mulgrave', 'Victoria', 3205, '1300788261', '', NULL, 'ABN 92 124 728 892\r\n\r\n+61 38414 8245', 3, NULL, 66, NULL, NULL, NULL, NULL, 1, '2016-03-13 15:42:20', 0, NULL, NULL, NULL),
(162, 'Cervo Restaurant', 'The Riverside at Crown', '', '', NULL, '9292 7824', '', NULL, 'ABN : 11085208591', 3, NULL, 67, NULL, NULL, NULL, NULL, 1, '2016-03-13 15:42:20', 0, NULL, NULL, NULL),
(163, 'Aussie Post Caps', '', '', '', NULL, '', '', NULL, '', 3, NULL, 68, NULL, NULL, NULL, NULL, 1, '2016-03-13 15:42:20', 0, NULL, NULL, NULL),
(164, 'Peter Treby', '10 Kirwana  Grove', 'Montmorency', 'Vic', NULL, '0419 361 428', '', NULL, '', 3, NULL, 69, NULL, NULL, NULL, NULL, 1, '2016-03-13 15:42:20', 0, NULL, NULL, NULL),
(165, 'Richmond Creche and Kindergarten', '10-14 Abinger Street', 'Richmond', 'Victoria', 3121, '03 9428 2663', '', NULL, '', 3, NULL, 70, NULL, NULL, NULL, NULL, 1, '2016-03-13 15:42:20', 0, NULL, NULL, NULL),
(166, 'Angel Faces', '', '', '', NULL, '0418380791', '', NULL, '', 3, NULL, 71, NULL, NULL, NULL, NULL, 1, '2016-03-13 15:42:20', 0, NULL, NULL, NULL),
(167, 'Harley Plumbing', 'Unit 3B, 266 Bolton Street', 'Eltham', 'Victoria', 3095, '9432 4121', '', NULL, 'Office contact no: 9432 4121\r\nABN: 76 117 846 698', 3, NULL, 72, NULL, NULL, NULL, NULL, 1, '2016-03-13 15:42:20', 0, NULL, NULL, NULL),
(168, 'Diamond Valley Appliance Service', '', '', '', NULL, '', '', NULL, '', 3, NULL, 73, NULL, NULL, NULL, NULL, 1, '2016-03-13 15:42:20', 0, NULL, NULL, NULL),
(169, 'Bicycle Parts Wholesale', '76-80 Micro Circuit', 'Dandenong', 'Vic', 9044, '03 9702 9044', '', NULL, '', 3, NULL, 74, NULL, NULL, NULL, NULL, 1, '2016-03-13 15:42:20', 0, NULL, NULL, NULL),
(170, 'Fulham & Chelsea Building Services', '23 Connolly Ave', 'Coburg', 'Victoria', 3058, '03 9354 5250', '', NULL, '', 3, NULL, 75, NULL, NULL, NULL, NULL, 1, '2016-03-13 15:42:20', 0, NULL, NULL, NULL),
(171, 'Corr Accounting and Tax', '', 'Croydon South', '', 3136, '(03) 9761 4275', '', NULL, 'ABN: 72705120792', 3, NULL, 77, NULL, NULL, NULL, NULL, 1, '2016-03-13 15:42:20', 0, NULL, NULL, NULL),
(172, 'SC Finance', 'Level 1', 'Northcote', 'Victoria', 3070, '0407 177 727', '', NULL, '', 3, NULL, 79, NULL, NULL, NULL, NULL, 1, '2016-03-13 15:42:20', 0, NULL, NULL, NULL),
(173, 'Mineutman Press - Epping', '92 Wedge Street', 'Epping', 'Vic', 3076, '03 9401 1955', '', NULL, '', 3, NULL, 80, NULL, NULL, NULL, NULL, 1, '2016-03-13 15:42:20', 0, NULL, NULL, NULL),
(174, 'Trilogi', '3 Clifton Street', 'Prahan', 'Vic', 3181, '0448 255 050', '', NULL, '', 3, NULL, 81, NULL, NULL, NULL, NULL, 1, '2016-03-13 15:42:20', 0, NULL, NULL, NULL),
(175, 'Simply Green', '832 High St', 'Kew East', 'VICTORIA', 3102, '1300 664 323', '', NULL, 'ABN: 60123823914', 3, NULL, 82, NULL, NULL, NULL, NULL, 1, '2016-03-13 15:42:20', 0, NULL, NULL, NULL),
(176, 'Preeti', '', '', '', NULL, '0449744315', '', NULL, '', 3, NULL, 83, NULL, NULL, NULL, NULL, 1, '2016-03-13 15:42:20', 0, NULL, NULL, NULL),
(177, 'DECC', 'Old Preston Courthouse, 59a Roseberry Ave', 'Preston', '', NULL, '8470 8440', '9261 4807', NULL, '', 3, NULL, 90, NULL, NULL, NULL, NULL, 1, '2016-03-13 15:42:20', 0, NULL, NULL, NULL),
(178, 'Pan Software', 'Level 3, 854 Glenferrie Road, Hawthorn, VIC, 3122', '', '', NULL, '', '', NULL, '', 3, NULL, 91, NULL, NULL, NULL, NULL, 1, '2016-03-13 15:42:20', 0, NULL, NULL, NULL),
(179, 'St James Apartments', '', 'Melbourne', 'Victoria', 3004, '0449 752 637', '', NULL, 'ABN: 12143248319', 3, NULL, 92, NULL, NULL, NULL, NULL, 1, '2016-03-13 15:42:20', 0, NULL, NULL, NULL),
(180, 'Candice Robinson', '', 'Elsternwick', 'Vic', 3185, '', '', NULL, '', 3, NULL, 93, NULL, NULL, NULL, NULL, 1, '2016-03-13 15:42:20', 0, NULL, NULL, NULL),
(181, 'Cambell McLaren', 'Apartment 242, St James Aprtments', 'St Kilda', 'Vic', NULL, '0419 899 885', '', NULL, '', 3, NULL, 94, NULL, NULL, NULL, NULL, 1, '2016-03-13 15:42:20', 0, NULL, NULL, NULL),
(182, 'Real Time Health', '275 Inkerman Road', 'St Kilda East', '', 3183, '9534 7222', '', NULL, '', 3, NULL, 95, NULL, NULL, NULL, NULL, 1, '2016-03-13 15:42:20', 0, NULL, NULL, NULL),
(183, 'Construction Electrical Services Pty Ltd', '12 Mallett Rd', 'Tullamarine', 'Vic', NULL, '03 9336 2709', '', NULL, '', 3, NULL, 96, NULL, NULL, NULL, NULL, 1, '2016-03-13 15:42:20', 0, NULL, NULL, NULL),
(184, 'Professional Interpreting Centre', '129 Church St', 'Richmond', 'Victoria', 3121, '03 9428 3634', '03 9429 2403', NULL, '', 3, NULL, 97, NULL, NULL, NULL, NULL, 1, '2016-03-13 15:42:20', 0, NULL, NULL, NULL),
(185, 'Poppy Petrou', '', '', '', NULL, '0475 764 658', '', NULL, '', 3, NULL, 98, NULL, NULL, NULL, NULL, 1, '2016-03-13 15:42:20', 0, NULL, NULL, NULL);

-- --------------------------------------------------------

--
-- Table structure for table `client_contact`
--

CREATE TABLE IF NOT EXISTS `client_contact` (
  `id` int(11) NOT NULL AUTO_INCREMENT,
  `firstname` varchar(100) NOT NULL,
  `surname` varchar(100) NOT NULL,
  `phone1` varchar(100) DEFAULT NULL,
  `phone2` varchar(100) DEFAULT NULL,
  `mobile` varchar(100) DEFAULT NULL,
  `email` varchar(100) DEFAULT NULL,
  `client_id` int(11) NOT NULL,
  `address` varchar(500) DEFAULT NULL,
  `City` varchar(100) DEFAULT NULL,
  `Postcode` varchar(10) DEFAULT NULL,
  `State` int(10) DEFAULT NULL,
  `Notes` varchar(500) NOT NULL,
  `owner_contact` tinyint(1) NOT NULL DEFAULT '0',
  `accounts_contact` tinyint(1) NOT NULL DEFAULT '0',
  `authorized_contact` tinyint(1) DEFAULT '0',
  `FK1` int(10) NOT NULL,
  `last_change` datetime NOT NULL,
  PRIMARY KEY (`id`)
) ENGINE=InnoDB  DEFAULT CHARSET=latin1 AUTO_INCREMENT=411 ;

--
-- Dumping data for table `client_contact`
--

INSERT INTO `client_contact` (`id`, `firstname`, `surname`, `phone1`, `phone2`, `mobile`, `email`, `client_id`, `address`, `City`, `Postcode`, `State`, `Notes`, `owner_contact`, `accounts_contact`, `authorized_contact`, `FK1`, `last_change`) VALUES
(223, 'Shamus', 'Dougan', '03 9824 8042', '', '0468 645 334', 'shamus.dougan@sapient-tech.com.au', 1, 'Suite 3, 1501 Malvern Road', 'Glen Iris', '3146', 0, '', 0, 0, 0, 2, '2016-01-25 15:02:33'),
(224, 'Charles', 'Foletta', '03 984 8042', '', '0413 211 537', 'charles.foletta@sapient-tech.com.au', 1, 'Suite 3', 'Glen Iris', '3146', 0, '', 0, 0, 0, 3, '2016-01-25 15:02:33'),
(225, 'Bryan', 'Irwin', '03 93282681', '', '', 'bryan@irwinstockfeeds.com.au', 2, '1 Laurens Street', 'North Melbourne', '3051', 0, '', 0, 0, 0, 4, '2016-01-25 15:02:33'),
(226, 'Maria', 'Ensabella', '(03) 9706 7673', '', '(04) 0730-0286', 'maria@aaronlab.com.au', 3, '', '', '', NULL, '', 0, 0, 0, 5, '2016-01-25 15:02:33'),
(227, 'Madeleine', 'Pinnuck', '03 93282681', '', '0419 620 093', 'madeleine@irwinstockfeeds.com.au', 2, '1 Laurens Street', 'North Melbourne', '3051', 0, '', 0, 0, 0, 6, '2016-01-25 15:02:33'),
(228, 'Jake', 'Frecklington', '03 93282681', '', '0409 566 078', 'jake@irwinstockfeeds.com.au', 2, '1 Laurens Street', 'North Melbourne', '3051', 0, '', 0, 0, 0, 7, '2016-01-25 15:02:33'),
(229, 'Kristy', 'Evans', '03 93282681', '', '0417 500 344', 'kristyevans@irwinstockfeeds.com.au', 2, '1 Laurens Street', 'North Melbourne', '3051', 0, '', 0, 0, 0, 8, '2016-01-25 15:02:34'),
(230, 'Pete', 'Lowry', '03 93282681', '', '0409 566 543', 'plowry@milburnbeef.com.au', 2, '1 Laurens Street', 'North Melbourne', '3051', 0, '', 0, 0, 0, 9, '2016-01-25 15:02:34'),
(231, 'Donna', 'McAinch', '03 93282681', '', '0400 017 493', 'kristyevans@irwinstockfeeds.com.au', 2, '1 Laurens Street', 'North Melbourne', '3051', 0, '', 0, 0, 0, 10, '2016-01-25 15:02:34'),
(232, 'Christine', 'Berry', '', '', '0407 771 086', 'christineberry16@gmail.com', 4, 'Level 1 / 292 Church Street', 'Richmond', '3121', 0, '', 0, 0, 0, 11, '2016-01-25 15:02:34'),
(233, 'David', 'Chioda', '+ 61 3 9539 5362', '+61 3 9539 5388', '0411139954', 'DavidC@deafchildren.org.au', 6, '597 St Kilda Road', 'Melbourne', '3004', 0, '', 0, 0, 0, 13, '2016-01-25 15:02:34'),
(234, 'Robin', 'Davies', '03 93282681', '', '', 'robindavies@irwinstockfeeds.com.au', 2, '1 Laurens Street', 'North Melbourne', '3051', 0, '', 0, 0, 0, 15, '2016-01-25 15:02:34'),
(235, 'Andrew', 'Harris (Corner Stone Soltuions)', '3 9434 7352', '', '', '', 2, '1 Laurens Street', 'North Melbourne', '3051', 0, '', 0, 0, 0, 16, '2016-01-25 15:02:34'),
(236, 'Ned', 'Cizmic', '03 9419 8099', '03 9419 8155', '041122392', 'ncizmic@pirrotta.com.au', 9, '2c 68 Oxford St Collingwood', 'Collingwood', '3066', 0, '', 0, 0, 0, 17, '2016-01-25 15:02:34'),
(237, 'Greg', 'Kingston', '', '', '0408 556 652', 'gregkington@lbajoinery.com.au', 7, '', '', '', NULL, '', 0, 0, 0, 18, '2016-01-25 15:02:34'),
(238, 'Support', 'Account', '03 924 8042', '', '', 'support@sapient-tech.com.au', 1, 'Suite 3, 1501 Malvern Road', 'Preston', '3072', 0, '', 0, 0, 0, 19, '2016-01-25 15:02:34'),
(239, 'Roz', 'Hansen', '9348 0934', '', '(04) 1936-3437', 'rhansen@hansenconsulting.net.au', 10, '', '', '', NULL, '', 0, 0, 0, 20, '2016-01-25 15:02:34'),
(240, 'Sueanne', 'Newton', '', '', '', 'newton.susanne.j@edumail.vic.gov.au', 12, '', '', '', NULL, '', 0, 0, 0, 21, '2016-01-25 15:02:34'),
(241, 'Nicole', 'Morgan', '', '', '', 'morgan.nicole.m@edumail.vic.gov.au', 12, '', '', '', NULL, '', 0, 0, 0, 22, '2016-01-25 15:02:34'),
(242, 'Sonia', 'DiPinto', '', '', '', 'sonia.dipinto@pirrotta.com.au', 9, '', '', '', NULL, '', 0, 0, 0, 23, '2016-01-25 15:02:34'),
(243, 'Debra', 'Schmauder', '', '', '', 'schmauder.debra.p@edumail.vic.gov.au', 13, '', '', '', NULL, '', 0, 0, 0, 24, '2016-01-25 15:02:34'),
(244, 'rachelle', 'meuse', '', '', '', 'meuse.rachelle.r@edumail.vic.gov.au', 13, '', '', '', NULL, '', 0, 0, 0, 25, '2016-01-25 15:02:34'),
(245, 'catherine', 'wilson', '', '', '', 'wilson.catherine.l@edumail.vic.gov.au', 13, '', '', '', NULL, '', 0, 0, 0, 26, '2016-01-25 15:02:34'),
(246, 'Shamus', 'Dougan', '', '', '', 'shamus.dougan@sapient-tech.com.au', 9, '', '', '', NULL, '', 0, 0, 0, 27, '2016-01-25 15:02:34'),
(247, 'Front', 'Desk', 'local (03) 9867 5596', 'fax (03) 9867 5474', '', '', 14, 'Suite 304, 34 Queens Rd', 'St Kilda', '', 0, '', 0, 0, 0, 28, '2016-01-25 15:02:34'),
(248, 'Matt', 'Blight', '9685 0114', '', '', 'tonyleria@eurekatower.com.au', 16, '', '', '', NULL, '', 0, 0, 0, 29, '2016-01-25 15:02:34'),
(249, 'Dandenong', 'Store', '03 9794 6588', '03 9793 1764', '0413 840 520', 'dandenong@bicyclesuperstore.com.au', 15, '240 Princes Hwy (Dandenong Rd)', 'Dandenong', '3175', 0, '', 0, 0, 0, 30, '2016-01-25 15:02:34'),
(250, 'Trevor', 'Paul', '03 93282681', '', '0419 221 593', '', 2, '1 Laurens Street', 'North Melbourne', '3051', 0, '', 0, 0, 0, 32, '2016-01-25 15:02:34'),
(251, 'Brad', 'Egan', '03 93282681', '', '', 'brad@irwinstockfeeds.com.au', 2, '1 Laurens Street', 'North Melbourne', '3051', 0, '', 0, 0, 0, 33, '2016-01-25 15:02:34'),
(252, 'Joseph', 'Ensabella', '(03) 9706 7673', '', '0418179157', 'joseph@aaronlab.com.au', 3, '', '', '', NULL, '', 0, 0, 0, 34, '2016-01-25 15:02:34'),
(253, 'Tami', 'x', '0458 055 300', '', '', '', 17, 'Suite 2, 935 station St', 'Box Hill North', '', 0, '', 0, 0, 0, 35, '2016-01-25 15:02:34'),
(254, 'Mark', 'x', '03 9465 8939', '', '0412 816 770', 'totalaluminium@hotmail.com', 18, 'Suite 1A, 391 Settlement Road', 'Thomastown', '3074', 0, '', 0, 0, 0, 36, '2016-01-25 15:02:34'),
(255, 'Heath', 'Kileen', '03 93282681', '', '0400017493', '', 2, '1 Laurens Street', 'North Melbourne', '3051', 0, '', 0, 0, 0, 37, '2016-01-25 15:02:34'),
(256, 'Rita', 'x', '9484 2250', '', '', 'rita@laurelgroup.com.au', 19, '', '', '', NULL, '', 0, 0, 0, 38, '2016-01-25 15:02:34'),
(257, 'Peter', 'Jones', '03 9685 0188', '03 9696 7559', '', 'pjones@eurekatower.com.au', 16, '7 Riverside Quay, South Bank', '', '', NULL, '', 0, 0, 0, 39, '2016-01-25 15:02:34'),
(258, 'Greig', 'Foletta', '98248017', '', '0428176583', '', 20, '', '', '', NULL, '', 0, 0, 0, 40, '2016-01-25 15:02:34'),
(259, 'Dr Suhas', 'Jatkar', '96964110', '96964113', '0411 111 054', 'cambrad@netspace.net.au', 19, '(Level 60) APT 6008', 'Southbank', '3006', 0, '', 0, 0, 0, 41, '2016-01-25 15:02:34'),
(260, 'James', 'Thomas', '03 9416 7422', '', '0412 353 384', 'james@bogong.net', 22, '145 Miller St', 'Thornbury', '3071', 0, '', 0, 0, 0, 42, '2016-01-25 15:02:34'),
(261, 'Ashley', 'Webhosting services', '03 9416 7422', '', '0410 977 819', '', 22, '145 Miller St', 'Thornbury', '3071', 0, '', 0, 0, 0, 43, '2016-01-25 15:02:34'),
(262, 'David', 'Brockfield', '9764 2233', '9764 2633', '0448 212 378', 'daivd@bicyclesuperstore.com.au', 15, 'Shop 4, 1488 Ferntree Gully Rd', 'Knoxfield', '3180', 0, '', 0, 0, 0, 44, '2016-01-25 15:02:34'),
(263, 'Ian', 'Gascon', '61-3-9499-4100', '61-3-9484 0368', '', 'sales@gascon.com.au', 24, 'Unit 11', 'Preston', '3072', 0, '', 0, 0, 0, 45, '2016-01-25 15:02:34'),
(264, 'Irwins NAS', 'Device', '03 93282681', '', '', 'do.not.reply@globalaccess.seagate.com', 2, '1 Laurens Street', 'North Melbourne', '3051', 0, '', 0, 0, 0, 46, '2016-01-25 15:02:34'),
(265, 'Shane', 'Doherty', '03 93282681', '', '0417 500 344', '', 2, '1 Laurens Street', 'North Melbourne', '3051', 0, '', 0, 0, 0, 47, '2016-01-25 15:02:34'),
(266, 'GASCON', 'NAS', '61-3-9499-4100', '61-3-9484 0368', '', 'nas@gascon.com.au', 24, 'Unit 11', 'Preston', '3072', 0, '', 0, 0, 0, 48, '2016-01-25 15:02:35'),
(267, 'concierge', 'Desk', '03 9685 0188', '', '', '', 16, '8 Cook St, South Bank', '', '', NULL, '', 0, 0, 0, 49, '2016-01-25 15:02:35'),
(268, 'Belinda', 'Adams', '(03) 9560 1844', '(03) 9885 2648', '0415 850 806', 'Belinda@oscarhospitality.com.au', 26, '', '', '', NULL, '', 0, 0, 0, 50, '2016-01-25 15:02:35'),
(269, 'Jason', 'Ellery', '', '', '0422309933', '', 26, '', '', '', NULL, '', 0, 0, 0, 51, '2016-01-25 15:02:35'),
(270, 'Kerry', 'Smith', '', '', '0458 650 715', '', 26, '', 'Perth', '', NULL, '', 0, 0, 0, 53, '2016-01-25 15:02:35'),
(271, 'Main', 'Office', '18100 134 442', '', '', 'accounts@auspres.com.au', 29, '', '', '', NULL, '', 0, 0, 0, 54, '2016-01-25 15:02:35'),
(272, 'Krystal', 'x', '03 9685 0115', '03 9696 7559', '', '', 16, '7 Riverside Quay, South Bank', '', '', NULL, '', 0, 0, 0, 55, '2016-01-25 15:02:35'),
(273, 'Albury', 'Store', '02 6025 4177', '', '', 'albury@bicyclesuperstore.com.au', 15, '316 Urana Road', 'Lavington', '2641', 0, '', 0, 0, 0, 58, '2016-01-25 15:02:35'),
(274, 'Head', 'Office', '(03) 8785 9049', '', '', '', 15, 'Shop 4, 1488 Ferntree Gully Rd', 'Knoxfield', '3180', 0, '', 0, 0, 0, 59, '2016-01-25 15:02:35'),
(275, 'Highpoint', 'Store', '03 9376 8311', '', '', 'highpoint@bicyclesuperstore.com.au', 15, 'L3,Shop 6312 Highpoint Shopping Centre, Aquatic Dr', 'Maribynong', '3032', 0, '', 0, 0, 0, 60, '2016-01-25 15:02:35'),
(276, 'Hoppers Crossing', 'Store', '03 8742 7022', '', '', 'HC@bicyclesuperstore.com.au', 15, '2/76 Old Geelong Road', 'Hoppers Crossing', '3029', 0, '', 0, 0, 0, 61, '2016-01-25 15:02:35'),
(277, 'Knox', 'Store', '03 9887 0073', '', '', 'knox@bicyclesuperstore.com.au', 15, '425 Burwood Highway', 'Wantirna South (Knox)', '3152', 0, '', 0, 0, 0, 62, '2016-01-25 15:02:35'),
(278, 'Mentone', 'Store', '03 9583 7700', '', '', 'mentone@bicyclesuperstore.com.au', 15, '30-32 Nepean Highway', 'Mentone', '3194', 0, '', 0, 0, 0, 63, '2016-01-25 15:02:35'),
(279, 'Mildura', 'Store', '03 5022 9350', '', '', 'mildura@bicyclesuperstore.com.au', 15, '116 Eighth Street', 'Mildura', '3500', 0, '', 0, 0, 0, 64, '2016-01-25 15:02:35'),
(280, 'Mornington', 'Store', '03 5975 7033', '', '', 'mornington@bicyclesuperstore.com.au', 15, '1/1002 Nepean Highway', 'Mornington', '3931', 0, '', 0, 0, 0, 65, '2016-01-25 15:02:35'),
(281, 'Nunawading', 'Store', '03 9894 4266', '', '', 'nunawading@bicyclesuperstore.com.au', 15, '315 Whitehorse Rd', 'Nunawading', '3131', 0, '', 0, 0, 0, 66, '2016-01-25 15:02:35'),
(282, 'Sunbury', 'Store', '03 8746 8500', '', '', 'sunbury@bicyclesuperstore.com.au', 15, 'Shop 3, 78-84 Horne St', 'Sunbury', '3429', 0, '', 0, 0, 0, 67, '2016-01-25 15:02:35'),
(283, 'Geelong', 'Store', '03 5229 2199', '', '', 'geelong@bicyclesuperstore.com.au', 15, '143 Malop St', 'Geelong', '3220', 0, '', 0, 0, 0, 68, '2016-01-25 15:02:35'),
(284, 'Danny', 'Ellem', '', '', '0438907233', '', 26, '', '', '', NULL, '', 0, 0, 0, 69, '2016-01-25 15:02:35'),
(285, 'Paul', 'Mentone', '', '', '0422 995 535', '', 15, '', '', '', NULL, '', 0, 0, 0, 70, '2016-01-25 15:02:35'),
(286, 'Belinda', 'Letty', '', '', '0417 349 056', '', 15, '', '', '', NULL, '', 0, 0, 0, 71, '2016-01-25 15:02:35'),
(287, 'Diane', 'Buettel', '', '', '0438 020 648', 'diane@oscarhospitality.com.au', 26, '', '', '', NULL, '', 0, 0, 0, 72, '2016-01-25 15:02:35'),
(288, 'mike', 'Morris', '9421 3332', '', '0448 136 390', 'mmorris@shimmco.com', 31, '21 Laity Street', 'Richmond', '3121', 0, '', 0, 0, 0, 73, '2016-01-25 15:02:35'),
(289, 'Christine', 'Berry', '9421 3332', '', '0448 136 168', 'cberry@shimmco.com', 31, '21 Laity Street', 'Richmond', '3121', 0, '', 0, 0, 0, 74, '2016-01-25 15:02:35'),
(290, 'Jan', 'Jones', '03 9867 3674', '', '(04) 0338-9988', '', 11, '', '', '', NULL, '', 0, 0, 0, 75, '2016-01-25 15:02:35'),
(291, 'Paul', 'Cambasis', '03 9533 6206', '', '0401 938 184', 'paul@eastbournetrading.com', 11, '', '', '', NULL, '', 0, 0, 0, 76, '2016-01-25 15:02:35'),
(292, 'Monica', 'x', '', '', '0418 360 571', 'monocar@live.com.au', 11, '', '', '', NULL, '', 0, 0, 0, 77, '2016-01-25 15:02:35'),
(293, 'Mark', 'Nichol', '03 9533 6206', '', '0451 030 163', 'mark@frenchoakfloors.com.au', 11, '', '', '', NULL, '', 0, 0, 0, 78, '2016-01-25 15:02:35'),
(294, 'Lynne', 'Harris', '(03) 9404 4565', '', '', 'admin@millparkcommunityhouse.com', 32, '68 Mill Park Dr', 'Mill Park', '3082', 0, '', 0, 0, 0, 79, '2016-01-25 15:02:35'),
(295, 'Hopppers', 'Crossing - Don', '', '', '', '0432 714 360', 15, '', '', '', NULL, '', 0, 0, 0, 80, '2016-01-25 15:02:35'),
(296, 'Don', '(Owner)', '', '', '0432 714 360', '', 15, '', '', '', NULL, '', 0, 0, 0, 81, '2016-01-25 15:02:35'),
(297, 'Tony', 'Lerserias - Building Manager', '0433451174', '', '', 'BuildingManager@victoriapointdocklands.com.au', 34, '100-120 Harbour Esplanade', '', '', NULL, '', 0, 0, 0, 82, '2016-01-25 15:02:35'),
(298, 'Jan', 'Jones', '03 9867 3674', '', '', '', 35, '', '', '', NULL, '', 0, 0, 0, 83, '2016-01-25 15:02:35'),
(299, 'Jennifer', 'Richards', '', '', '0412295553', '', 27, '', '', '', NULL, '', 0, 0, 0, 84, '2016-01-25 15:02:35'),
(300, 'Kim', 'Accounts', '', '', '0413 006 587', '', 33, '', '', '', NULL, '', 0, 0, 0, 85, '2016-01-25 15:02:35'),
(301, 'Patsy', 'ALD', '', '', '0410 579 297', '', 33, '', '', '', NULL, '', 0, 0, 0, 86, '2016-01-25 15:02:35'),
(302, 'Alfie', 'ALD', '', '', '0418 105 882', '', 33, '', '', '', NULL, '', 0, 0, 0, 87, '2016-01-25 15:02:35'),
(303, 'Rebbeca', 'Stilman', '0439 645 232', '', '', '', 21, '17 Haleys Gully Rd,', 'Hurstbridge', '', 0, '', 0, 0, 0, 88, '2016-01-25 15:02:35'),
(304, 'Hugh', 'McKee', '(03) 9826 8745', '', '0419 442 218', '', 36, '', '', '', NULL, '', 0, 0, 0, 90, '2016-01-25 15:02:35'),
(305, 'Adrian', 'Letty', '', '', '0413 134 551', 'adrian@bicyclesuperstore.com.au', 15, '', '', '', NULL, '', 0, 0, 0, 91, '2016-01-25 15:02:35'),
(306, 'Sandro', 'Meloni', '', '', '0411 408 131', 'sandro@redalligator.com.au', 27, '', '', '', NULL, '', 0, 0, 0, 92, '2016-01-25 15:02:35'),
(307, 'web/email Rowan', 'Peterson', '03 9894 6302', '', '0408 129 641', 'rowan@amphibian.com.au', 11, '', '', '', NULL, '', 0, 0, 0, 93, '2016-01-25 15:02:35'),
(308, 'Barbara', 'Di Pierro', '9913 7274', '', '0432 260 305', 'barbara.dipierro@kiara-international.com.au', 42, '2 Coopers Lane', 'Kensington', '', 0, '', 0, 0, 0, 94, '2016-01-25 15:02:35'),
(309, 'Ben', 'Drakely', '', '', '0401 474 437', '', 29, '', '', '', NULL, '', 0, 0, 0, 95, '2016-01-25 15:02:35'),
(310, 'Mark', 'Hopkinson', '03 9685 0114', '03 9696 7559', '0423 000 114', '', 16, '7 Riverside Quay, South Bank', '', '', NULL, '', 0, 0, 0, 97, '2016-01-25 15:02:35'),
(311, 'Jay', 'Web Hosting', '', '', '0433 178 837', '', 16, '7 Riverside Quay, South Bank', '', '', NULL, '', 0, 0, 0, 98, '2016-01-25 15:02:35'),
(312, 'Gerald', 'McDornan', '03 9544 8884', '', '0488 901 722', 'gerald@veracitymedia.com.au', 45, 'Suite 6/752 Blackburn Road', 'Clayton', '3178', 0, '', 0, 0, 0, 99, '2016-01-25 15:02:35'),
(313, 'Richard', 'Oversen', '', '', '0404004548', '', 15, '', '', '', NULL, '', 0, 0, 0, 100, '2016-01-25 15:02:35'),
(314, 'Bill', 'Wallace', '03 5997 5561', '', '0417 331 161', '', 2, '1 Laurens Street', 'Lang Lang', '3051', 0, '', 0, 0, 0, 101, '2016-01-25 15:02:35'),
(315, 'Pauline', 'Walker', '', '', '0417 964 092', '', 47, '', '', '', NULL, '', 0, 0, 0, 102, '2016-01-25 15:02:35'),
(316, 'Fountaingate', 'Store', '03 8790 5500', '', '', '', 15, '1004/352 PRINCES HWY', 'NARRE WARREN', '3805', 0, '', 0, 0, 0, 103, '2016-01-25 15:02:35'),
(317, 'Microchannel', 'RMS support', '1300 440 444', '', '', '', 15, '', '', '', NULL, '', 0, 0, 0, 104, '2016-01-25 15:02:36'),
(318, 'FrontDesk', 'Support', '1800 181 820', '', '', '', 39, '', '', '', NULL, '', 0, 0, 0, 105, '2016-01-25 15:02:36'),
(319, 'Keoni', 'Moore', '(03) 9431 0331', '', '(04) 3460-3755', '', 39, '', '', '', NULL, '', 0, 0, 0, 107, '2016-01-25 15:02:36'),
(320, 'Nicholas', 'Tang', '(03) 9832-0816', '', '0411 180 828', 'nicholas@highperformanceconsulting.com.au', 49, '', '', '', NULL, '', 0, 0, 0, 108, '2016-01-25 15:02:36'),
(321, 'Orlando', 'scalzi', '8788 7617', '', '', '', 3, '', '', '', NULL, '', 0, 0, 0, 109, '2016-01-25 15:02:36'),
(322, 'Margaret', 'Brigandi', '9331 4334', '', '0419 314 334', '', 40, '', '', '', NULL, '', 0, 0, 0, 110, '2016-01-25 15:02:36'),
(323, 'Justin', 'd (mornington)', '', '', '0419 345 112', 'justind@gp.com.au', 15, '', '', '', NULL, '', 0, 0, 0, 111, '2016-01-25 15:02:36'),
(324, 'David', 'Witchell', '+61411015789', '', '', 'dwitchell@optusnet.com.au', 19, '49 Erskin Road', 'Macleod', '', NULL, '', 0, 0, 0, 112, '2016-01-25 15:02:36'),
(325, 'Sarah', 'Gibbins', '', '', '0408 507 355', '', 48, '', '', '', NULL, '', 0, 0, 0, 113, '2016-01-25 15:02:36'),
(326, 'Emily', 'Jaksch', '', '', '0410 457 325', '', 48, '', '', '', NULL, '', 0, 0, 0, 114, '2016-01-25 15:02:36'),
(327, 'Kirsty', 'McMenaman', '(03) 94350604', '', '0437 193 774', '', 48, '', '', '', NULL, '', 0, 0, 0, 115, '2016-01-25 15:02:36'),
(328, 'Mike', 'Hayworth', '(03) 9457-5585', '', '0421392708', 'backdoc94@hotmail.com', 51, '40 Waiora Rd', 'Rosanna', '3084', 0, '', 0, 0, 0, 116, '2016-01-25 15:02:36'),
(329, 'David', 'Saunders', '', '', '', 'david@davidsaundersplumbing.com.au', 50, '', '', '', NULL, '', 0, 0, 0, 117, '2016-01-25 15:02:36'),
(330, 'John', 'Miller', '0411 755 153', '', '', 'john@moreprofitlesstime.com', 52, '3 / 333 Wantirna Road', 'Wantirna', '3152', 0, '', 0, 0, 0, 118, '2016-01-25 15:02:36'),
(331, 'Peter', 'Worcester', '0414303322', '', '', 'peter@worcester.com.au', 54, '1/31 Marne St, South Yarra', '', '', NULL, '', 0, 0, 0, 119, '2016-01-25 15:02:36'),
(332, 'Julie', 'Rocco', '', '0409 853 160', '0417 559 490', '', 40, '', '', '', NULL, '', 0, 0, 0, 120, '2016-01-25 15:02:36'),
(333, 'Ivan', 'Orsolic', '9826 8745', '', '0437 773 437', '', 36, 'Suite 6', 'South Yarra', '3141', 0, '', 0, 0, 0, 121, '2016-01-25 15:02:36'),
(334, 'Steuart', 'Meers', '98941644', '', '0413 830 008', 'steuartm@photodirect.com.au', 55, '4/109 Whitehorse Road', 'Blackburn', '3130', 0, '', 0, 0, 0, 122, '2016-01-25 15:02:36'),
(335, 'Michael', 'McKeon', '9421 3332', '', '0434 950 750', '', 31, '21 Laity Street', 'Richmond', '3121', 0, '', 0, 0, 0, 123, '2016-01-25 15:02:36'),
(336, 'Lewis', 'Chapman', '', '', '0428 766 050', 'chapmanplumbinginfo@gmail.com', 56, 'Unit 1/12 stradbroke av, heidleberg', '', '3084', NULL, '', 0, 0, 0, 124, '2016-01-25 15:02:36'),
(337, 'Helen', 'Gilpin', '(03) 9560 1844', '', '0438 907 233', '', 26, '405 High Street', 'Ashburton', '3147', 0, '', 0, 0, 0, 125, '2016-01-25 15:02:36'),
(338, 'Lou', 'Bacher', '', '', '0451 132 210', '', 47, '1903/594 St Kilda RD', 'Mlebourne', '3004', 0, '', 0, 0, 0, 126, '2016-01-25 15:02:37'),
(339, 'Tom', 'Moylan', '', '', '0477 000 571', '', 57, '1903/594 St Kilda RD', 'Mlebourne', '3004', 0, '', 0, 0, 0, 127, '2016-01-25 15:02:37'),
(340, 'Rosie', 'Emery', '0418 114 383', '', '0418 114 383', 'rosanne@cliftonstreet.com.au', 60, '9a Clifton Street', 'Richmond', '3121', 0, '', 0, 0, 0, 128, '2016-01-25 15:02:37'),
(341, 'Melissa', 'De Campo', '0419 316 135', '', '0419 316 135', 'mel_dec@bigpond.com', 60, '', '', '', NULL, '', 0, 0, 0, 129, '2016-01-25 15:02:37'),
(342, 'Craig', 'Helmer', '', '', '0412 205 556', '', 61, '', '', '', NULL, '', 0, 0, 0, 130, '2016-01-25 15:02:37'),
(343, 'Barry', 'Goldenberg', '9943 3858', '', '0411 551 100', 'barry@bdkg.com.au', 59, '', '', '', NULL, '', 0, 0, 0, 131, '2016-01-25 15:02:37'),
(344, 'Vanessa', 'Thomas', '', '', '0416 808 798', 'vanessa@synkd.com.au', 63, '', '', '', NULL, '', 0, 0, 0, 132, '2016-01-25 15:02:37'),
(345, 'Kam', 'Phulwani', '1300788261', '', '0432 779 775', 'kam@medsurge.com.au', 65, 'Unit 2', 'Mulgrave', '3170', 0, '', 0, 0, 0, 133, '2016-01-25 15:02:37'),
(346, 'Paul', 'Bailey', '1300 793 423', '', '0408699171', '', 62, '15-17 Rodeo Drive', 'Dandenong', '3175', 0, '', 0, 0, 0, 134, '2016-01-25 15:02:37'),
(347, 'Caroline', 'Tremayne', '', '', '0420237456', '', 35, '', '', '', NULL, '', 0, 0, 0, 135, '2016-01-25 15:02:37'),
(348, 'Michael', 'domain hosting', '', '', '0416 032 671', '', 66, 'The Riverside at Crown', '', '', NULL, '', 0, 0, 0, 136, '2016-01-25 15:02:37'),
(349, 'Adrian', 'Alexander', '', '', '0417 383 705', 'adrian.alexander@bigpond.com', 66, 'The Riverside at Crown', '', '', NULL, '', 0, 0, 0, 137, '2016-01-25 15:02:37'),
(350, 'Callum', 'Donoghue', '', '', '0414 932 051', '', 67, '', '', '', NULL, '', 0, 0, 0, 138, '2016-01-25 15:02:38'),
(351, 'Matt', 'Collins', '', '', '0408 599 938', '', 67, '', '', '', NULL, '', 0, 0, 0, 139, '2016-01-25 15:02:38'),
(352, 'Peter', 'Treby', '0419 361 428', '', '', '', 68, '10 Kirwana  Grove', 'Montmorency', '', 0, '', 0, 0, 0, 140, '2016-01-25 15:02:38'),
(353, 'Laura', 'Carolan', '03 9445 0232', '', '', 'lauracarolan@richmondcreche.com.au', 69, '10-14 Abinger Street', 'Richmond', '3121', 0, '', 0, 0, 0, 141, '2016-01-25 15:02:38'),
(354, 'Nicole', 'O''Donnel', '03 9428 2663', '', '', 'nicoleodonnell@richmondcreche.com.au', 69, '10-14 Abinger Street', 'Richmond', '3121', 0, '', 0, 0, 0, 142, '2016-01-25 15:02:38'),
(355, 'Matt', 'PABX', '0414 326 002', '', '', '', 69, '', '', '3121', NULL, '', 0, 0, 0, 143, '2016-01-25 15:02:38'),
(356, 'Xavier', 'X', '98941644', '', '', 'xavier@worldnet.com.au', 55, '4/109 Whitehorse Road', 'Blackburn', '3130', 0, '', 0, 0, 0, 144, '2016-01-25 15:02:38'),
(357, 'Claudia', 'Bonifacio', '9826 8745', '', '0433 379 564', '', 36, 'Suite 6', 'South Yarra', '3141', 0, '', 0, 0, 0, 145, '2016-01-25 15:02:38'),
(358, 'Sapient', 'Backups', '03 9824 8042', '', '', '', 1, 'Suite 3, 1501 Malvern Road', 'Glen Iris', '3146', 0, '', 0, 0, 0, 146, '2016-01-25 15:02:38'),
(359, 'Server', 'Room', '9539 5340', '', '', '', 6, '', '', '', NULL, '', 0, 0, 0, 147, '2016-01-25 15:02:38'),
(360, 'Kris', 'Cerini', '', '', '0428 525 115', '', 15, '', '', '', NULL, '', 0, 0, 0, 148, '2016-01-25 15:02:38'),
(361, 'Ryan', 'Harley', '', '', '0408 135 385', '', 71, 'Unit 3B, 266 Bolton Street', 'Eltham', '3095', 0, '', 0, 0, 0, 149, '2016-01-25 15:02:38'),
(362, 'Katie', 'Harley', '', '', '0433 157 058', '', 71, 'Unit 3B, 266 Bolton Street', 'Eltham', '3095', 0, '', 0, 0, 0, 150, '2016-01-25 15:02:38'),
(363, 'Jane', 'Sloan', '', '', '', 'janesloan@netspace.net.au', 46, '', '', '', NULL, '', 0, 0, 0, 151, '2016-01-25 15:02:38'),
(364, 'Michael', 'Jones', '03 9533 6206', '', '(04) 0338-6386', '', 35, 'Rear, 24 Wellington Street', 'St Kilda', '3182', 0, '', 0, 0, 0, 152, '2016-01-25 15:02:38'),
(365, 'TEDS', 'Frankston', '(03) 9783 8160', '', '', '', 55, 'Shop 3&4, 54-58 Wells St', 'Frankston', '', 0, '', 0, 0, 0, 153, '2016-01-25 15:02:38'),
(366, 'Carol', 'Fraser', '039853 0311', '', '', 'carol@scanlancarroll.com.au', 72, '', '', '', NULL, '', 0, 0, 0, 154, '2016-01-25 15:02:38'),
(367, 'Meaghan', 'X', '9435 7127', '', '0447 550 796', '', 72, '', '', '', NULL, '', 0, 0, 0, 155, '2016-01-25 15:02:38'),
(368, 'Andrew', 'McEwin (CEO)', '03 9702 9044', '', '0412 470 464', 'andrew@bicyclepartswholesale.com.au', 73, '76-80 Micro Circuit', 'Dandenong', '9044', 0, '', 0, 0, 0, 156, '2016-01-25 15:02:38'),
(369, 'Peter Worcester', 'Barwon Heads/Connewware address', '0414303322', '', '', 'peter@worcester.com.au', 54, '57  Fourth Loop', 'Conneware', '3227', NULL, '', 0, 0, 0, 157, '2016-01-25 15:02:38'),
(370, 'Justin', 'Seabrook', '03 9354 5250', '', '0400 190 184', 'fulham.chelsea@bigpond.com', 74, '23 Connolly Ave', 'Coburg', '3058', 0, '', 0, 0, 0, 158, '2016-01-25 15:02:38'),
(371, 'anthony', 'Mann', '', '', '0499 566 040', '', 2, '', '', '', NULL, '', 0, 0, 0, 159, '2016-01-25 15:02:38'),
(372, 'Elle', 'Lockey', '03 93282681', '', '0488 566 546', '', 2, '', '', '3051', 0, '', 0, 0, 0, 160, '2016-01-25 15:02:38'),
(373, 'Minemet', 'Server', '9826 8745', '', '', 'raid@minemet.com', 36, 'Suite 6', 'South Yarra', '3141', 0, '', 0, 0, 0, 161, '2016-01-25 15:02:38'),
(374, 'Glenn', 'Kernick', '', '', '0401 242 699', '', 15, '', '', '', NULL, '', 0, 0, 0, 162, '2016-01-25 15:02:38'),
(375, 'Carli', 'O''Reilly', '', '', '0409 424 596', 'corraccounting@bigpond.com', 76, '', 'Croydon South', '', NULL, '', 0, 0, 0, 163, '2016-01-25 15:02:38'),
(376, 'Kristy', 'Hansen', '', '', '0400645018', 'kristy@hrgurus.com.au', 48, NULL, NULL, NULL, NULL, '', 0, 0, 0, 0, '2015-09-25 16:13:59'),
(377, 'Jim', 'x', '', '', '0418 367 880', '', 78, '', '', '', NULL, '', 0, 0, 0, 164, '2016-01-25 15:02:38'),
(378, 'Bill', 'Abbott', '', '', '0409 830 383', 'Bill.Abbott@bicyclesuperstore.com.au', 15, '', '', '', NULL, '', 0, 0, 0, 165, '2016-01-25 15:02:38'),
(379, 'Nicol', 'Reslova', '9826 8745', '', '0408 039 875', '', 36, 'Suite 6', 'South Yarra', '3141', 0, '', 0, 0, 0, 166, '2016-01-25 15:02:38'),
(380, 'Andre', 'Tang', '(03) 9832-0816', '', '0403 159 598', 'andre@highperformanceconsulting.com.au', 49, '', '', '', NULL, '', 0, 0, 0, 167, '2016-01-25 15:02:38'),
(381, 'Carlo', 'ALD', '03 9357 7400', '9357 7973', '0402 219 524', '', 33, '45 Jesica Rd', 'Campbellfield', '3061', NULL, '', 0, 0, 0, 168, '2016-01-25 15:02:38'),
(382, 'Kahill', 'Tierney', '', '', '0433991891', '', 15, '', '', '', NULL, '', 0, 0, 0, 169, '2016-01-25 15:02:38'),
(383, 'Kylie', 'Mc Elhenny', '', '', '0417 549 342', 'kmcelhenny@hotmail.com', 48, '', '', '', NULL, '', 0, 0, 0, 170, '2016-01-25 15:02:38'),
(384, 'Daniel', 'Siciliano', '9432 4121', '', '0432 688 950', '', 71, 'Unit 3B, 266 Bolton Street', 'Eltham', '3095', 0, '', 0, 0, 0, 171, '2016-01-25 15:02:39'),
(385, 'Cain', 'Baker', '9432 4121', '', '0417 973 521', '', 71, 'Unit 3B, 266 Bolton Street', 'Eltham', '3095', 0, '', 0, 0, 0, 172, '2016-01-25 15:02:39'),
(386, 'Cameron', 'Janson', '9432 4121', '', '0438 047 134', '', 71, 'Unit 3B, 266 Bolton Street', 'Eltham', '3095', 0, '', 0, 0, 0, 173, '2016-01-25 15:02:39'),
(387, 'Chris', 'Chapman', '9432 4121', '', '0409 444 502', '', 71, 'Unit 3B, 266 Bolton Street', 'Eltham', '3095', 0, '', 0, 0, 0, 174, '2016-01-25 15:02:39'),
(388, 'Craig', 'Kenny  (Your local Telecom)', '1300 769 670', '', '0424 223 004', '', 62, '15-17 Rodeo Drive', 'Dandenong', '3175', 0, '', 0, 0, 0, 175, '2016-01-25 15:02:39'),
(389, 'Ken', 'Griggs', '61-3-9499 4100', '61-3-9499 4111', '0414 694 096', '', 24, '24 Ford Crescent', 'Thornbury', '3071', 0, '', 0, 0, 0, 176, '2016-01-25 15:02:39'),
(390, 'Steve', 'Brouggy', '1300 793 423', '', '0409 502 308', '', 62, '15-17 Rodeo Drive', 'Dandenong', '3175', 0, '', 0, 0, 0, 177, '2016-01-25 15:02:39'),
(391, 'Toby', 'Couchman(webaroo webhosting)', '', '', '0431 696 885', 'toby@webberoo.com.au', 2, '', '', '3051', 0, '', 0, 0, 0, 178, '2016-01-25 15:02:39'),
(392, 'Steve', 'Bland (Corner Stone Solutions)', '3 9434 7352', '', '', '', 2, '', '', '', NULL, '', 0, 0, 0, 179, '2016-01-25 15:02:39'),
(393, 'Operations', 'Mobile', '03 93282681', '', '0409 851 831', '', 2, '1 Laurens Street', 'North Melbourne', '3051', 0, '', 0, 0, 0, 180, '2016-01-25 15:02:39'),
(394, 'Tim', 'Leggott', '9432 4121', '', '0481 274 080', '', 71, 'Unit 3B, 266 Bolton Street', 'Eltham', '3095', 0, '', 0, 0, 0, 181, '2016-01-25 15:02:39'),
(395, 'Natalie', 'Savic', '03 9459 4569', '', '0411 393 049', 'nataliesavic@saviloans.com.au', 82, '', '', '', NULL, '', 0, 0, 0, 182, '2016-01-25 15:02:39'),
(396, 'Kellie', 'Woodward', '9717 0048', '', '', 'kellie_woodward@travel-associates.com.au', 75, '', '', '', NULL, '', 0, 0, 0, 183, '2016-01-25 15:02:39'),
(397, 'Alysha', 'Munro', '', '', '0431 145 772', 'alysha@hrgurus.com.au', 48, '', '', '', NULL, '', 0, 0, 0, 184, '2016-01-25 15:02:39'),
(398, 'Kristy', 'Hansen', '', '', '0400 645 018', '', 48, '', '', '', NULL, '', 0, 0, 0, 185, '2016-01-25 15:02:39'),
(399, 'Samra', 'Nazir', '', '', '0430 971 871', 'samra@hrgurus.com.au', 48, '', '', '', NULL, '', 0, 0, 0, 186, '2016-01-25 15:02:39'),
(400, 'Natalie', 'Bol', '', '', '0400 061 769', 'natalie@hrgurus.com.au', 48, '', '', '', NULL, '', 0, 0, 0, 187, '2016-01-25 15:02:39'),
(401, 'Caz', 'Simpson', '03 8782 0251', '03 8782 0240', '0408 324 012', 'mailingmatters@gmail.com', 86, '6/22 Carter Way', 'Dandenong South', '3175', 0, '', 0, 0, 0, 188, '2016-01-25 15:02:39'),
(402, 'Brent', 'Kirchner', '', '', '0421 335 903', 'brent.kirchner@bicyclesuperstore.com.au', 15, '', '', '', NULL, '', 0, 0, 0, 189, '2016-01-25 15:02:39'),
(403, 'Dennis', 'Rozich', '03 9357 7400', '9357 7973', '0418 337 353', '', 33, '45 Jesica Rd', 'Campbellfield', '3061', NULL, '', 0, 0, 0, 191, '2016-01-25 15:02:39'),
(404, 'Katrina', 'Galindo', '03 93282681', '', '408 300 625', 'katrina@irwinstockfeeds.com.au', 2, '1 Laurens Street', 'North Melbourne', '3051', 0, '', 0, 0, 0, 192, '2016-01-25 15:02:39'),
(405, 'Chris', 'Hatzi', '', '', '0411 261 630', '', 88, '', '', '', NULL, '', 0, 0, 0, 193, '2016-01-25 15:02:39'),
(406, 'Katrina', 'Galindo', '', '', '0408300625', '', 2, '', '', '', 0, '', 0, 0, 0, 194, '2016-01-25 15:02:39'),
(407, 'Tony', 'Lerias', '', '', '0433 451 174', 'stjapartments@bigpond.com', 89, '', '', '', NULL, '', 0, 0, 0, 195, '2016-01-25 15:02:39'),
(408, 'Andrew', 'Leather', '03 93282681', '', '0488 566 546', '', 2, '1 Laurens Street', 'North Melbourne', '3051', 0, '', 0, 0, 0, 196, '2016-01-25 15:02:39'),
(409, 'Jesse', 'Van Rooye', '03 93282681', '', '0499 566 040', '', 2, '1 Laurens Street', 'North Melbourne', '3051', 0, '', 0, 0, 0, 197, '2016-01-25 15:02:39'),
(410, 'Cherise', 'Northfield', '9421 3332', '', '0402 495 770', '', 31, '21 Laity Street', 'Richmond', '3121', 0, '', 0, 0, 0, 198, '2016-01-25 15:02:39');

-- --------------------------------------------------------

--
-- Table structure for table `lookup`
--

CREATE TABLE IF NOT EXISTS `lookup` (
  `id` int(11) NOT NULL AUTO_INCREMENT,
  `name` varchar(128) COLLATE utf8_unicode_ci NOT NULL,
  `code` int(11) NOT NULL,
  `type` varchar(128) COLLATE utf8_unicode_ci NOT NULL,
  `position` int(11) NOT NULL,
  PRIMARY KEY (`id`)
) ENGINE=InnoDB  DEFAULT CHARSET=utf8 COLLATE=utf8_unicode_ci AUTO_INCREMENT=18 ;

--
-- Dumping data for table `lookup`
--

INSERT INTO `lookup` (`id`, `name`, `code`, `type`, `position`) VALUES
(1, 'Database', 1, 'SyncEndPointType', 1),
(2, 'Webpage', 2, 'SyncEndPointType', 2),
(3, 'File', 3, 'SyncEndPointType', 3),
(6, 'Success', 1, 'SYNC_RESULT', 1),
(7, 'Error', 2, 'SYNC_RESULT', 2),
(8, 'Database Spanning', 4, 'SyncEndPointType', 4),
(9, 'Agreement Default', 1, 'TimeCategory', 1),
(10, 'Agreement Project', 2, 'TimeCategory', 2),
(11, 'Not Billable', 7, 'TimeCategory', 3),
(12, 'Agreement Default After Hours', 9, 'TimeCategory', 4),
(13, 'Agreement Project After Hours', 11, 'TimeCategory', 5),
(14, 'WIP', 1, 'IMP_STATUS', 1),
(15, 'Ready To Invoice', 2, 'IMP_STATUS', 2),
(16, 'Invoiced', 3, 'IMP_STATUS', 3),
(17, 'Closed', 4, 'IMP_STATUS', 4);

-- --------------------------------------------------------

--
-- Table structure for table `migration`
--

CREATE TABLE IF NOT EXISTS `migration` (
  `version` varchar(180) NOT NULL,
  `apply_time` int(11) DEFAULT NULL,
  PRIMARY KEY (`version`)
) ENGINE=InnoDB DEFAULT CHARSET=latin1;

--
-- Dumping data for table `migration`
--

INSERT INTO `migration` (`version`, `apply_time`) VALUES
('m000000_000000_base', 1426969065),
('m141022_115823_create_user_table', 1426969071),
('m141022_115912_create_rbac_tables', 1426969073),
('m150104_153617_create_article_table', 1426969073);

-- --------------------------------------------------------

--
-- Table structure for table `purchases`
--

CREATE TABLE IF NOT EXISTS `purchases` (
  `id` int(100) NOT NULL AUTO_INCREMENT,
  `qty` float NOT NULL,
  `description` varchar(500) NOT NULL,
  `purchase_exGST` float NOT NULL,
  `sell_exGST` float NOT NULL,
  `supplier_id` int(50) NOT NULL,
  `purchase_order_id` int(50) DEFAULT NULL,
  `ticket_info_id` int(50) NOT NULL,
  PRIMARY KEY (`id`)
) ENGINE=InnoDB DEFAULT CHARSET=latin1 AUTO_INCREMENT=1 ;

-- --------------------------------------------------------

--
-- Table structure for table `suppliers`
--

CREATE TABLE IF NOT EXISTS `suppliers` (
  `id` int(10) NOT NULL AUTO_INCREMENT,
  `name` varchar(200) NOT NULL,
  `description` varchar(300) DEFAULT NULL,
  `active` tinyint(1) NOT NULL,
  `address` varchar(100) DEFAULT NULL,
  `city` varchar(100) NOT NULL,
  PRIMARY KEY (`id`)
) ENGINE=InnoDB  DEFAULT CHARSET=latin1 AUTO_INCREMENT=3 ;

--
-- Dumping data for table `suppliers`
--

INSERT INTO `suppliers` (`id`, `name`, `description`, `active`, `address`, `city`) VALUES
(2, 'Budget PC', 'Supplies, laptops and other PC related Equipment', 1, 'Unit 111, Axxess Business Park, 45 Gilby Rd', 'Mt Waverley');

-- --------------------------------------------------------

--
-- Table structure for table `syncrelationships`
--

CREATE TABLE IF NOT EXISTS `syncrelationships` (
  `index` int(11) NOT NULL AUTO_INCREMENT,
  `description` varchar(200) NOT NULL,
  `syncModelName` varchar(200) NOT NULL,
  `endPoint` varchar(50) DEFAULT NULL,
  `username` varchar(50) DEFAULT NULL,
  `password` varchar(50) DEFAULT NULL,
  `frequenyMin` int(11) NOT NULL DEFAULT '60',
  `lastSync` datetime DEFAULT NULL,
  `LastStatus` int(11) DEFAULT NULL,
  `LastStatusData` varchar(500) DEFAULT NULL,
  PRIMARY KEY (`index`)
) ENGINE=InnoDB  DEFAULT CHARSET=latin1 AUTO_INCREMENT=8 ;

--
-- Dumping data for table `syncrelationships`
--

INSERT INTO `syncrelationships` (`index`, `description`, `syncModelName`, `endPoint`, `username`, `password`, `frequenyMin`, `lastSync`, `LastStatus`, `LastStatusData`) VALUES
(2, 'This sync model is to sync the Clients between labtech and Imp', 'SyncLabtechClient', 'localhost', 'root', '', 15, '2016-03-14 13:10:20', 1, 'fdgdf'),
(3, '', 'SyncLabtechContact', NULL, NULL, NULL, 15, '2016-02-25 15:42:36', 2, ''),
(4, '', 'SyncPhoneContacts', NULL, NULL, NULL, 360, '2016-01-25 15:04:41', 1, ''),
(5, 'This Function will sync the ticket details between Labtech and imp', 'SyncTicketInfo', 'localhost', 'root', '', 15, '1970-01-01 00:00:00', NULL, ''),
(6, 'This function will sync the timeslip information between labtech and imp', 'SyncTimeslipInfo', 'localhost', 'root', '', 15, '0000-00-00 00:00:00', 1, 'Sync completed without any errors'),
(7, 'Sync Labtech Users, this function will create a new user in imp from labtech but not he other way round, it will also only sync the usersname and email address.', 'SyncLabtechUsers', 'localhost', 'root', '', 15, NULL, NULL, NULL);

-- --------------------------------------------------------

--
-- Table structure for table `ticket_info`
--

CREATE TABLE IF NOT EXISTS `ticket_info` (
  `id` int(100) NOT NULL AUTO_INCREMENT,
  `labtech_ticket_id` int(50) NOT NULL,
  `client_id` int(10) NOT NULL,
  `imp_status` int(4) NOT NULL,
  `invoice_date` date DEFAULT NULL,
  `invoice_id` int(10) DEFAULT NULL,
  `default_billing_account_id` int(10) DEFAULT NULL,
  `default_charge_rate_id` int(10) DEFAULT NULL,
  `labtech_computer_id` int(10) NOT NULL,
  PRIMARY KEY (`id`)
) ENGINE=InnoDB  DEFAULT CHARSET=latin1 AUTO_INCREMENT=5628 ;

--
-- Dumping data for table `ticket_info`
--

INSERT INTO `ticket_info` (`id`, `labtech_ticket_id`, `client_id`, `imp_status`, `invoice_date`, `invoice_id`, `default_billing_account_id`, `default_charge_rate_id`, `labtech_computer_id`) VALUES
(4502, 5803, 122, 1, NULL, NULL, 6, 3, 0),
(4503, 5804, 122, 1, NULL, NULL, 6, 3, 0),
(4504, 5805, 122, 1, NULL, NULL, 6, 3, 0),
(4505, 5806, 122, 1, NULL, NULL, 6, 3, 0),
(4506, 5807, 90, 1, NULL, NULL, 4, 1, 187),
(4507, 5808, 113, 1, NULL, NULL, 2, 5, 346),
(4508, 5809, 122, 1, NULL, NULL, 6, 3, 0),
(4509, 5810, 112, 1, NULL, NULL, 4, 3, 0),
(4510, 5811, 112, 1, NULL, NULL, 4, 1, 104),
(4511, 5812, 133, 1, NULL, NULL, 6, 3, 0),
(4512, 5813, 145, 1, NULL, NULL, 6, 3, 418),
(4513, 5814, 122, 1, NULL, NULL, 6, 3, 0),
(4514, 5815, 99, 1, NULL, NULL, 6, 3, 1),
(4515, 5816, 113, 1, NULL, NULL, 2, 4, 188),
(4516, 5817, 113, 1, NULL, NULL, 2, 4, 188),
(4517, 5818, 113, 1, NULL, NULL, 2, 4, 188),
(4518, 5819, 122, 1, NULL, NULL, 6, 3, 0),
(4519, 5820, 99, 1, NULL, NULL, 6, 3, 0),
(4520, 5821, 112, 1, NULL, NULL, 4, 1, 104),
(4521, 5822, 122, 1, NULL, NULL, 6, 3, 0),
(4522, 5823, 130, 1, NULL, NULL, 6, 3, 439),
(4523, 5824, 113, 1, NULL, NULL, 2, 4, 220),
(4524, 5825, 122, 1, NULL, NULL, 6, 3, 0),
(4525, 5826, 122, 1, NULL, NULL, 6, 3, 0),
(4526, 5827, 122, 1, NULL, NULL, 6, 3, 0),
(4527, 5828, 122, 1, NULL, NULL, 6, 3, 0),
(4528, 5829, 122, 1, NULL, NULL, 6, 3, 0),
(4529, 5830, 122, 1, NULL, NULL, 6, 3, 0),
(4530, 5831, 122, 1, NULL, NULL, 6, 3, 0),
(4531, 5832, 122, 1, NULL, NULL, 6, 3, 0),
(4532, 5833, 107, 1, NULL, NULL, 6, 3, 132),
(4533, 5834, 99, 1, NULL, NULL, 6, 3, 0),
(4534, 5835, 142, 1, NULL, NULL, 6, 3, 0),
(4535, 5836, 122, 1, NULL, NULL, 6, 3, 0),
(4536, 5837, 100, 1, NULL, NULL, 2, 5, 41),
(4537, 5838, 107, 1, NULL, NULL, 6, 3, 132),
(4538, 5839, 113, 1, NULL, NULL, 2, 5, 217),
(4539, 5840, 130, 1, NULL, NULL, 6, 3, 439),
(4540, 5841, 99, 1, NULL, NULL, 6, 3, 1),
(4541, 5842, 99, 1, NULL, NULL, 6, 3, 54),
(4542, 5843, 122, 1, NULL, NULL, 6, 3, 0),
(4543, 5844, 99, 1, NULL, NULL, 6, 3, 0),
(4544, 5845, 100, 1, NULL, NULL, 2, 5, 15),
(4545, 5846, 122, 1, NULL, NULL, 6, 3, 0),
(4546, 5847, 122, 1, NULL, NULL, 6, 3, 0),
(4547, 5848, 122, 1, NULL, NULL, 6, 3, 0),
(4548, 5849, 122, 1, NULL, NULL, 6, 3, 0),
(4549, 5850, 100, 1, NULL, NULL, 2, 4, 0),
(4550, 5851, 101, 1, NULL, NULL, 6, 3, 17),
(4551, 5852, 100, 1, NULL, NULL, 2, 5, 22),
(4552, 5853, 113, 1, NULL, NULL, 2, 5, 217),
(4553, 5854, 113, 1, NULL, NULL, 2, 5, 317),
(4554, 5855, 113, 1, NULL, NULL, 2, 5, 358),
(4555, 5856, 119, 1, NULL, NULL, 6, 3, 0),
(4556, 5857, 145, 1, NULL, NULL, 6, 3, 0),
(4557, 5858, 124, 1, NULL, NULL, 6, 3, 0),
(4558, 5859, 154, 1, NULL, NULL, 6, 3, 481),
(4559, 5860, 100, 1, NULL, NULL, 2, 5, 15),
(4560, 5861, 113, 1, NULL, NULL, 2, 4, 220),
(4561, 5862, 113, 1, NULL, NULL, 2, 4, 220),
(4562, 5863, 139, 1, NULL, NULL, 6, 3, 0),
(4563, 5864, 113, 1, NULL, NULL, 2, 5, 217),
(4564, 5865, 101, 1, NULL, NULL, 6, 3, 17),
(4565, 5866, 145, 1, NULL, NULL, 6, 3, 414),
(4566, 5867, 113, 1, NULL, NULL, 2, 4, 349),
(4567, 5868, 99, 1, NULL, NULL, 6, 3, 1),
(4568, 5869, 99, 1, NULL, NULL, 6, 3, 1),
(4569, 5870, 113, 1, NULL, NULL, 2, 5, 385),
(4570, 5871, 99, 1, NULL, NULL, 6, 3, 0),
(4571, 5872, 113, 1, NULL, NULL, 2, 4, 220),
(4572, 5873, 100, 1, NULL, NULL, 2, 5, 354),
(4573, 5874, 113, 1, NULL, NULL, 2, 4, 220),
(4574, 5875, 113, 1, NULL, NULL, 2, 4, 220),
(4575, 5876, 113, 1, NULL, NULL, 2, 4, 220),
(4576, 5877, 113, 1, NULL, NULL, 2, 5, 358),
(4577, 5878, 112, 1, NULL, NULL, 4, 1, 104),
(4578, 5879, 113, 1, NULL, NULL, 2, 5, 217),
(4579, 5880, 113, 1, NULL, NULL, 2, 5, 217),
(4580, 5881, 113, 1, NULL, NULL, 2, 5, 217),
(4581, 5882, 100, 1, NULL, NULL, 2, 5, 354),
(4582, 5883, 90, 1, NULL, NULL, 4, 1, 187),
(4583, 5884, 99, 1, NULL, NULL, 6, 3, 0),
(4584, 5885, 145, 1, NULL, NULL, 6, 3, 0),
(4585, 5886, 156, 1, NULL, NULL, 6, 3, 0),
(4586, 5887, 132, 1, NULL, NULL, 6, 3, 0),
(4587, 5888, 113, 1, NULL, NULL, 2, 4, 0),
(4588, 5889, 134, 1, NULL, NULL, 6, 3, 0),
(4589, 5890, 113, 1, NULL, NULL, 2, 4, 235),
(4590, 5891, 113, 1, NULL, NULL, 2, 5, 358),
(4591, 5892, 113, 1, NULL, NULL, 2, 5, 360),
(4592, 5893, 113, 1, NULL, NULL, 2, 5, 340),
(4593, 5894, 122, 1, NULL, NULL, 6, 3, 0),
(4594, 5895, 122, 1, NULL, NULL, 6, 3, 0),
(4595, 5897, 122, 1, NULL, NULL, 6, 3, 0),
(4596, 5899, 122, 1, NULL, NULL, 6, 3, 0),
(4597, 5901, 100, 1, NULL, NULL, 2, 5, 22),
(4598, 5902, 90, 1, NULL, NULL, 4, 1, 187),
(4599, 5903, 113, 1, NULL, NULL, 2, 4, 394),
(4600, 5904, 113, 1, NULL, NULL, 2, 4, 220),
(4601, 5905, 113, 1, NULL, NULL, 2, 5, 358),
(4602, 5906, 100, 1, NULL, NULL, 2, 5, 13),
(4603, 5907, 101, 1, NULL, NULL, 6, 3, 467),
(4604, 5909, 132, 1, NULL, NULL, 6, 3, 0),
(4605, 5911, 100, 1, NULL, NULL, 2, 5, 5),
(4606, 5912, 113, 1, NULL, NULL, 2, 5, 358),
(4607, 5913, 130, 1, NULL, NULL, 6, 3, 445),
(4608, 5914, 99, 1, NULL, NULL, 6, 3, 0),
(4609, 5915, 112, 1, NULL, NULL, 4, 1, 109),
(4610, 5916, 128, 1, NULL, NULL, 6, 3, 280),
(4611, 5917, 130, 1, NULL, NULL, 6, 3, 265),
(4612, 5918, 113, 1, NULL, NULL, 2, 4, 235),
(4613, 5919, 145, 1, NULL, NULL, 6, 3, 414),
(4614, 5920, 145, 1, NULL, NULL, 6, 3, 414),
(4615, 5921, 145, 1, NULL, NULL, 6, 3, 0),
(4616, 5922, 113, 1, NULL, NULL, 2, 4, 235),
(4617, 5923, 113, 1, NULL, NULL, 2, 4, 220),
(4618, 5928, 100, 1, NULL, NULL, 2, 5, 15),
(4619, 5930, 113, 1, NULL, NULL, 2, 5, 385),
(4620, 5931, 101, 1, NULL, NULL, 6, 3, 17),
(4621, 5932, 133, 1, NULL, NULL, 6, 3, 274),
(4622, 5933, 130, 1, NULL, NULL, 6, 3, 445),
(4623, 5935, 113, 1, NULL, NULL, 2, 5, 217),
(4624, 5936, 100, 1, NULL, NULL, 2, 5, 41),
(4625, 5938, 113, 1, NULL, NULL, 2, 4, 349),
(4626, 5939, 100, 1, NULL, NULL, 2, 5, 319),
(4627, 5940, 90, 1, NULL, NULL, 4, 1, 460),
(4628, 5941, 113, 1, NULL, NULL, 2, 5, 217),
(4629, 5943, 113, 1, NULL, NULL, 2, 4, 235),
(4630, 5944, 100, 1, NULL, NULL, 2, 4, 23),
(4631, 5959, 113, 1, NULL, NULL, 2, 5, 360),
(4632, 5960, 113, 1, NULL, NULL, 2, 5, 358),
(4633, 5961, 113, 1, NULL, NULL, 2, 4, 235),
(4634, 5962, 113, 1, NULL, NULL, 2, 4, 355),
(4635, 5963, 99, 1, NULL, NULL, 6, 3, 19),
(4636, 5964, 100, 1, NULL, NULL, 2, 5, 41),
(4637, 5965, 113, 1, NULL, NULL, 2, 4, 355),
(4638, 5966, 113, 1, NULL, NULL, 2, 4, 349),
(4639, 5967, 113, 1, NULL, NULL, 2, 5, 358),
(4640, 5968, 113, 1, NULL, NULL, 2, 5, 385),
(4641, 5969, 99, 1, NULL, NULL, 6, 3, 54),
(4642, 5970, 113, 1, NULL, NULL, 2, 5, 217),
(4643, 5971, 99, 1, NULL, NULL, 6, 3, 248),
(4644, 5972, 113, 1, NULL, NULL, 2, 4, 0),
(4645, 5973, 113, 1, NULL, NULL, 2, 5, 217),
(4646, 5975, 133, 1, NULL, NULL, 6, 3, 377),
(4647, 5976, 101, 1, NULL, NULL, 6, 3, 17),
(4648, 5977, 130, 1, NULL, NULL, 6, 3, 445),
(4649, 5978, 90, 1, NULL, NULL, 4, 1, 187),
(4650, 5979, 130, 1, NULL, NULL, 6, 3, 439),
(4651, 5980, 113, 1, NULL, NULL, 2, 5, 358),
(4652, 5981, 99, 1, NULL, NULL, 6, 3, 1),
(4653, 5982, 99, 1, NULL, NULL, 6, 3, 0),
(4654, 5983, 113, 1, NULL, NULL, 2, 5, 257),
(4655, 5984, 159, 1, NULL, NULL, 6, 3, 0),
(4656, 5985, 113, 1, NULL, NULL, 2, 4, 220),
(4657, 5986, 99, 1, NULL, NULL, 6, 3, 1),
(4658, 5987, 99, 1, NULL, NULL, 6, 3, 1),
(4659, 5988, 99, 1, NULL, NULL, 6, 3, 0),
(4660, 5989, 113, 1, NULL, NULL, 2, 4, 349),
(4661, 5990, 113, 1, NULL, NULL, 2, 5, 385),
(4662, 5991, 113, 1, NULL, NULL, 2, 4, 235),
(4663, 5992, 130, 1, NULL, NULL, 6, 3, 445),
(4664, 5993, 113, 1, NULL, NULL, 2, 4, 259),
(4665, 5994, 113, 1, NULL, NULL, 2, 5, 326),
(4666, 5995, 90, 1, NULL, NULL, 4, 3, 0),
(4667, 5996, 124, 1, NULL, NULL, 6, 3, 0),
(4668, 5997, 113, 1, NULL, NULL, 2, 4, 235),
(4669, 5998, 133, 1, NULL, NULL, 6, 3, 0),
(4670, 5999, 106, 1, NULL, NULL, 6, 3, 0),
(4671, 6000, 100, 1, NULL, NULL, 2, 5, 41),
(4672, 6001, 99, 1, NULL, NULL, 6, 3, 0),
(4673, 6002, 128, 1, NULL, NULL, 6, 3, 280),
(4674, 6003, 113, 1, NULL, NULL, 2, 4, 220),
(4675, 6004, 122, 1, NULL, NULL, 6, 3, 0),
(4676, 6005, 122, 1, NULL, NULL, 6, 3, 0),
(4677, 6007, 122, 1, NULL, NULL, 6, 3, 0),
(4678, 6009, 122, 1, NULL, NULL, 6, 3, 0),
(4679, 6010, 113, 1, NULL, NULL, 2, 4, 349),
(4680, 6011, 112, 1, NULL, NULL, 4, 1, 104),
(4681, 6012, 112, 1, NULL, NULL, 4, 1, 109),
(4682, 6013, 112, 1, NULL, NULL, 4, 1, 109),
(4683, 6014, 99, 1, NULL, NULL, 6, 3, 0),
(4684, 6016, 130, 1, NULL, NULL, 6, 3, 266),
(4685, 6017, 128, 1, NULL, NULL, 6, 3, 280),
(4686, 6019, 133, 1, NULL, NULL, 6, 3, 378),
(4687, 6020, 133, 1, NULL, NULL, 6, 3, 378),
(4688, 6021, 107, 1, NULL, NULL, 6, 3, 132),
(4689, 6022, 99, 1, NULL, NULL, 6, 3, 0),
(4690, 6023, 99, 1, NULL, NULL, 6, 3, 0),
(4691, 6024, 133, 1, NULL, NULL, 6, 3, 378),
(4692, 6025, 90, 1, NULL, NULL, 4, 3, 0),
(4693, 6026, 101, 1, NULL, NULL, 6, 3, 17),
(4694, 6027, 133, 1, NULL, NULL, 6, 3, 377),
(4695, 6028, 122, 1, NULL, NULL, 6, 3, 0),
(4696, 6029, 122, 1, NULL, NULL, 6, 3, 0),
(4697, 6030, 122, 1, NULL, NULL, 6, 3, 0),
(4698, 6031, 122, 1, NULL, NULL, 6, 3, 0),
(4699, 6032, 122, 1, NULL, NULL, 6, 3, 0),
(4700, 6033, 122, 1, NULL, NULL, 6, 3, 0),
(4701, 6034, 122, 1, NULL, NULL, 6, 3, 0),
(4702, 6035, 122, 1, NULL, NULL, 6, 3, 0),
(4703, 6036, 137, 1, NULL, NULL, 6, 3, 0),
(4704, 6037, 133, 1, NULL, NULL, 6, 3, 0),
(4705, 6038, 113, 1, NULL, NULL, 2, 4, 220),
(4706, 6039, 130, 1, NULL, NULL, 6, 3, 445),
(4707, 6040, 100, 1, NULL, NULL, 2, 5, 41),
(4708, 6041, 113, 1, NULL, NULL, 2, 5, 358),
(4709, 6042, 90, 1, NULL, NULL, 4, 1, 187),
(4710, 6043, 90, 1, NULL, NULL, 4, 1, 187),
(4711, 6044, 100, 1, NULL, NULL, 2, 5, 43),
(4712, 6045, 112, 1, NULL, NULL, 4, 3, 0),
(4713, 6046, 113, 1, NULL, NULL, 2, 5, 360),
(4714, 6047, 113, 1, NULL, NULL, 2, 4, 355),
(4715, 6048, 132, 1, NULL, NULL, 6, 3, 0),
(4716, 6049, 145, 1, NULL, NULL, 6, 3, 413),
(4717, 6050, 130, 1, NULL, NULL, 6, 3, 439),
(4718, 6051, 113, 1, NULL, NULL, 2, 4, 235),
(4719, 6052, 122, 1, NULL, NULL, 6, 3, 0),
(4720, 6053, 122, 1, NULL, NULL, 6, 3, 0),
(4721, 6054, 122, 1, NULL, NULL, 6, 3, 0),
(4722, 6055, 122, 1, NULL, NULL, 6, 3, 0),
(4723, 6056, 113, 1, NULL, NULL, 2, 4, 349),
(4724, 6057, 133, 1, NULL, NULL, 6, 3, 377),
(4725, 6058, 130, 1, NULL, NULL, 6, 3, 266),
(4726, 6059, 112, 1, NULL, NULL, 4, 1, 109),
(4727, 6060, 132, 1, NULL, NULL, 6, 3, 0),
(4728, 6063, 90, 1, NULL, NULL, 4, 3, 0),
(4729, 6079, 99, 1, NULL, NULL, 6, 3, 1),
(4730, 6080, 113, 1, NULL, NULL, 2, 5, 360),
(4731, 6081, 113, 1, NULL, NULL, 2, 4, 235),
(4732, 6082, 158, 1, NULL, NULL, 6, 3, 495),
(4733, 6083, 158, 1, NULL, NULL, 6, 3, 0),
(4734, 6084, 158, 1, NULL, NULL, 6, 3, 0),
(4735, 6085, 113, 1, NULL, NULL, 2, 4, 235),
(4736, 6086, 162, 1, NULL, NULL, 6, 3, 0),
(4737, 6087, 130, 1, NULL, NULL, 6, 3, 268),
(4738, 6088, 142, 1, NULL, NULL, 6, 3, 320),
(4739, 6089, 142, 1, NULL, NULL, 6, 3, 0),
(4740, 6090, 122, 1, NULL, NULL, 6, 3, 0),
(4741, 6091, 113, 1, NULL, NULL, 2, 5, 217),
(4742, 6092, 99, 1, NULL, NULL, 6, 3, 54),
(4743, 6093, 107, 1, NULL, NULL, 6, 3, 132),
(4744, 6094, 99, 1, NULL, NULL, 6, 3, 248),
(4745, 6095, 99, 1, NULL, NULL, 6, 3, 295),
(4746, 6096, 130, 1, NULL, NULL, 6, 3, 439),
(4747, 6097, 113, 1, NULL, NULL, 2, 5, 360),
(4748, 6098, 113, 1, NULL, NULL, 2, 4, 235),
(4749, 6099, 113, 1, NULL, NULL, 2, 4, 355),
(4750, 6100, 113, 1, NULL, NULL, 2, 5, 358),
(4751, 6101, 113, 1, NULL, NULL, 2, 4, 349),
(4752, 6102, 99, 1, NULL, NULL, 6, 3, 0),
(4753, 6103, 113, 1, NULL, NULL, 2, 5, 358),
(4754, 6104, 113, 1, NULL, NULL, 2, 5, 360),
(4755, 6105, 152, 1, NULL, NULL, 6, 3, 0),
(4756, 6106, 113, 1, NULL, NULL, 2, 4, 355),
(4757, 6107, 113, 1, NULL, NULL, 2, 5, 360),
(4758, 6108, 113, 1, NULL, NULL, 2, 5, 358),
(4759, 6109, 113, 1, NULL, NULL, 2, 5, 385),
(4760, 6110, 158, 1, NULL, NULL, 6, 3, 495),
(4761, 6111, 130, 1, NULL, NULL, 6, 3, 445),
(4762, 6112, 101, 1, NULL, NULL, 6, 3, 17),
(4763, 6113, 158, 1, NULL, NULL, 6, 3, 0),
(4764, 6114, 145, 1, NULL, NULL, 6, 3, 0),
(4765, 6115, 145, 1, NULL, NULL, 6, 3, 414),
(4766, 6116, 122, 1, NULL, NULL, 6, 3, 0),
(4767, 6119, 122, 1, NULL, NULL, 6, 3, 0),
(4768, 6120, 113, 1, NULL, NULL, 2, 4, 220),
(4769, 6121, 158, 1, NULL, NULL, 6, 3, 0),
(4770, 6122, 122, 1, NULL, NULL, 6, 3, 0),
(4771, 6123, 122, 1, NULL, NULL, 6, 3, 0),
(4772, 6124, 122, 1, NULL, NULL, 6, 3, 0),
(4773, 6125, 122, 1, NULL, NULL, 6, 3, 0),
(4774, 6126, 104, 1, NULL, NULL, 6, 3, 492),
(4775, 6127, 133, 1, NULL, NULL, 6, 3, 378),
(4776, 6128, 100, 1, NULL, NULL, 2, 5, 5),
(4777, 6129, 163, 1, NULL, NULL, 6, 3, 0),
(4778, 6130, 113, 1, NULL, NULL, 2, 5, 358),
(4779, 6131, 99, 1, NULL, NULL, 6, 3, 1),
(4780, 6132, 112, 1, NULL, NULL, 4, 1, 109),
(4781, 6133, 144, 1, NULL, NULL, 6, 3, 0),
(4782, 6134, 128, 1, NULL, NULL, 6, 3, 280),
(4783, 6135, 90, 1, NULL, NULL, 4, 1, 187),
(4784, 6136, 99, 1, NULL, NULL, 6, 3, 1),
(4785, 6137, 133, 1, NULL, NULL, 6, 3, 274),
(4786, 6138, 145, 1, NULL, NULL, 6, 3, 0),
(4787, 6139, 99, 1, NULL, NULL, 6, 3, 1),
(4788, 6140, 144, 1, NULL, NULL, 6, 3, 476),
(4789, 6141, 113, 1, NULL, NULL, 2, 5, 360),
(4790, 6142, 99, 1, NULL, NULL, 6, 3, 1),
(4791, 6143, 158, 1, NULL, NULL, 6, 3, 0),
(4792, 6144, 99, 1, NULL, NULL, 6, 3, 0),
(4793, 6145, 100, 1, NULL, NULL, 2, 4, 23),
(4794, 6146, 99, 1, NULL, NULL, 6, 3, 1),
(4795, 6147, 99, 1, NULL, NULL, 6, 3, 1),
(4796, 6148, 99, 1, NULL, NULL, 6, 3, 1),
(4797, 6149, 145, 1, NULL, NULL, 6, 3, 414),
(4798, 6150, 99, 1, NULL, NULL, 6, 3, 0),
(4799, 6151, 122, 1, NULL, NULL, 6, 3, 511),
(4800, 6152, 128, 1, NULL, NULL, 6, 3, 280),
(4801, 6153, 90, 1, NULL, NULL, 4, 1, 187),
(4802, 6155, 99, 1, NULL, NULL, 6, 3, 1),
(4803, 6156, 158, 1, NULL, NULL, 6, 3, 0),
(4804, 6157, 158, 1, NULL, NULL, 6, 3, 0),
(4805, 6158, 113, 1, NULL, NULL, 2, 4, 220),
(4806, 6159, 136, 1, NULL, NULL, 6, 3, 0),
(4807, 6160, 99, 1, NULL, NULL, 6, 3, 19),
(4808, 6161, 99, 1, NULL, NULL, 6, 3, 54),
(4809, 6162, 113, 1, NULL, NULL, 2, 5, 360),
(4810, 6163, 113, 1, NULL, NULL, 2, 4, 355),
(4811, 6164, 113, 1, NULL, NULL, 2, 5, 217),
(4812, 6165, 99, 1, NULL, NULL, 6, 3, 248),
(4813, 6166, 113, 1, NULL, NULL, 2, 5, 217),
(4814, 6167, 113, 1, NULL, NULL, 2, 5, 385),
(4815, 6168, 113, 1, NULL, NULL, 2, 5, 358),
(4816, 6169, 99, 1, NULL, NULL, 6, 3, 295),
(4817, 6170, 130, 1, NULL, NULL, 6, 3, 439),
(4818, 6171, 99, 1, NULL, NULL, 6, 3, 0),
(4819, 6172, 107, 1, NULL, NULL, 6, 3, 132),
(4820, 6173, 113, 1, NULL, NULL, 2, 4, 251),
(4821, 6174, 130, 1, NULL, NULL, 6, 3, 0),
(4822, 6175, 137, 1, NULL, NULL, 6, 3, 0),
(4823, 6176, 113, 1, NULL, NULL, 2, 5, 360),
(4824, 6177, 113, 1, NULL, NULL, 2, 5, 217),
(4825, 6182, 113, 1, NULL, NULL, 2, 4, 235),
(4826, 6183, 113, 1, NULL, NULL, 2, 5, 358),
(4827, 6184, 122, 1, NULL, NULL, 6, 3, 511),
(4828, 6185, 161, 1, NULL, NULL, 6, 3, 0),
(4829, 6186, 99, 1, NULL, NULL, 6, 3, 0),
(4830, 6187, 154, 1, NULL, NULL, 6, 3, 481),
(4831, 6188, 145, 1, NULL, NULL, 6, 3, 0),
(4832, 6189, 130, 1, NULL, NULL, 6, 3, 502),
(4833, 6190, 164, 1, NULL, NULL, 6, 3, 0),
(4834, 6191, 112, 1, NULL, NULL, 4, 1, 144),
(4835, 6192, 107, 1, NULL, NULL, 6, 3, 132),
(4836, 6193, 99, 1, NULL, NULL, 6, 3, 0),
(4837, 6194, 101, 1, NULL, NULL, 6, 3, 17),
(4838, 6195, 99, 1, NULL, NULL, 6, 3, 0),
(4839, 6196, 99, 1, NULL, NULL, 6, 3, 0),
(4840, 6197, 99, 1, NULL, NULL, 6, 3, 0),
(4841, 6198, 99, 1, NULL, NULL, 6, 3, 0),
(4842, 6199, 99, 1, NULL, NULL, 6, 3, 0),
(4843, 6200, 99, 1, NULL, NULL, 6, 3, 0),
(4844, 6201, 99, 1, NULL, NULL, 6, 3, 0),
(4845, 6202, 99, 1, NULL, NULL, 6, 3, 0),
(4846, 6203, 99, 1, NULL, NULL, 6, 3, 0),
(4847, 6204, 99, 1, NULL, NULL, 6, 3, 0),
(4848, 6205, 99, 1, NULL, NULL, 6, 3, 0),
(4849, 6206, 99, 1, NULL, NULL, 6, 3, 0),
(4850, 6207, 99, 1, NULL, NULL, 6, 3, 0),
(4851, 6208, 99, 1, NULL, NULL, 6, 3, 0),
(4852, 6209, 151, 1, NULL, NULL, 6, 3, 466),
(4853, 6210, 99, 1, NULL, NULL, 6, 3, 0),
(4854, 6211, 113, 1, NULL, NULL, 2, 4, 349),
(4855, 6212, 113, 1, NULL, NULL, 2, 4, 349),
(4856, 6213, 113, 1, NULL, NULL, 2, 5, 326),
(4857, 6214, 113, 1, NULL, NULL, 2, 4, 349),
(4858, 6215, 106, 1, NULL, NULL, 6, 3, 303),
(4859, 6216, 113, 1, NULL, NULL, 2, 5, 523),
(4860, 6217, 113, 1, NULL, NULL, 2, 5, 523),
(4861, 6218, 113, 1, NULL, NULL, 2, 5, 523),
(4862, 6219, 113, 1, NULL, NULL, 2, 5, 523),
(4863, 6220, 113, 1, NULL, NULL, 2, 5, 523),
(4864, 6221, 101, 1, NULL, NULL, 6, 3, 285),
(4865, 6222, 133, 1, NULL, NULL, 6, 3, 274),
(4866, 6223, 130, 1, NULL, NULL, 6, 3, 267),
(4867, 6224, 144, 1, NULL, NULL, 6, 3, 476),
(4868, 6225, 99, 1, NULL, NULL, 6, 3, 1),
(4869, 6226, 122, 1, NULL, NULL, 6, 3, 0),
(4870, 6227, 122, 1, NULL, NULL, 6, 3, 0),
(4871, 6228, 122, 1, NULL, NULL, 6, 3, 0),
(4872, 6229, 122, 1, NULL, NULL, 6, 3, 0),
(4873, 6230, 99, 1, NULL, NULL, 6, 3, 1),
(4874, 6231, 122, 1, NULL, NULL, 6, 3, 0),
(4875, 6232, 122, 1, NULL, NULL, 6, 3, 0),
(4876, 6233, 122, 1, NULL, NULL, 6, 3, 0),
(4877, 6234, 122, 1, NULL, NULL, 6, 3, 0),
(4878, 6235, 99, 1, NULL, NULL, 6, 3, 0),
(4879, 6236, 133, 1, NULL, NULL, 6, 3, 274),
(4880, 6237, 154, 1, NULL, NULL, 6, 3, 481),
(4881, 6238, 154, 1, NULL, NULL, 6, 3, 481),
(4882, 6239, 99, 1, NULL, NULL, 6, 3, 0),
(4883, 6240, 101, 1, NULL, NULL, 6, 3, 17),
(4884, 6242, 90, 1, NULL, NULL, 4, 3, 468),
(4885, 6243, 107, 1, NULL, NULL, 6, 3, 132),
(4886, 6244, 99, 1, NULL, NULL, 6, 3, 0),
(4887, 6245, 113, 1, NULL, NULL, 2, 4, 355),
(4888, 6246, 112, 1, NULL, NULL, 4, 1, 104),
(4889, 6247, 113, 1, NULL, NULL, 2, 4, 235),
(4890, 6248, 130, 1, NULL, NULL, 6, 3, 265),
(4891, 6249, 99, 1, NULL, NULL, 6, 3, 19),
(4892, 6250, 99, 1, NULL, NULL, 6, 3, 54),
(4893, 6251, 107, 1, NULL, NULL, 6, 3, 132),
(4894, 6252, 99, 1, NULL, NULL, 6, 3, 0),
(4895, 6253, 113, 1, NULL, NULL, 2, 5, 360),
(4896, 6254, 113, 1, NULL, NULL, 2, 5, 358),
(4897, 6255, 113, 1, NULL, NULL, 2, 5, 385),
(4898, 6257, 99, 1, NULL, NULL, 6, 3, 0),
(4899, 6258, 101, 1, NULL, NULL, 6, 3, 17),
(4900, 6259, 113, 1, NULL, NULL, 2, 4, 0),
(4901, 6260, 113, 1, NULL, NULL, 2, 5, 385),
(4902, 6261, 107, 1, NULL, NULL, 6, 3, 132),
(4903, 6262, 107, 1, NULL, NULL, 6, 3, 132),
(4904, 6263, 113, 1, NULL, NULL, 2, 5, 358),
(4905, 6264, 113, 1, NULL, NULL, 2, 5, 360),
(4906, 6265, 113, 1, NULL, NULL, 2, 4, 355),
(4907, 6267, 154, 1, NULL, NULL, 6, 3, 481),
(4908, 6268, 107, 1, NULL, NULL, 6, 3, 364),
(4909, 6269, 99, 1, NULL, NULL, 6, 3, 1),
(4910, 6270, 99, 1, NULL, NULL, 6, 3, 1),
(4911, 6271, 122, 1, NULL, NULL, 6, 3, 0),
(4912, 6272, 122, 1, NULL, NULL, 6, 3, 0),
(4913, 6273, 122, 1, NULL, NULL, 6, 3, 0),
(4914, 6275, 122, 1, NULL, NULL, 6, 3, 0),
(4915, 6277, 99, 1, NULL, NULL, 6, 3, 0),
(4916, 6278, 132, 1, NULL, NULL, 6, 3, 427),
(4917, 6279, 154, 1, NULL, NULL, 6, 3, 481),
(4918, 6280, 145, 1, NULL, NULL, 6, 3, 413),
(4919, 6281, 99, 1, NULL, NULL, 6, 3, 0),
(4920, 6282, 113, 1, NULL, NULL, 2, 5, 523),
(4921, 6283, 113, 1, NULL, NULL, 2, 5, 523),
(4922, 6284, 130, 1, NULL, NULL, 6, 3, 445),
(4923, 6285, 154, 1, NULL, NULL, 6, 3, 481),
(4924, 6286, 113, 1, NULL, NULL, 2, 5, 523),
(4925, 6287, 100, 1, NULL, NULL, 2, 5, 22),
(4926, 6288, 113, 1, NULL, NULL, 2, 4, 0),
(4927, 6289, 113, 1, NULL, NULL, 2, 4, 0),
(4928, 6290, 107, 1, NULL, NULL, 6, 3, 132),
(4929, 6291, 113, 1, NULL, NULL, 2, 4, 235),
(4930, 6292, 136, 1, NULL, NULL, 6, 3, 0),
(4931, 6293, 128, 1, NULL, NULL, 6, 3, 280),
(4932, 6294, 164, 1, NULL, NULL, 6, 3, 0),
(4933, 6295, 130, 1, NULL, NULL, 6, 3, 502),
(4934, 6296, 152, 1, NULL, NULL, 6, 3, 0),
(4935, 6297, 130, 1, NULL, NULL, 6, 3, 0),
(4936, 6298, 104, 1, NULL, NULL, 6, 3, 0),
(4937, 6307, 113, 1, NULL, NULL, 2, 4, 349),
(4938, 6308, 145, 1, NULL, NULL, 6, 3, 0),
(4939, 6309, 139, 1, NULL, NULL, 6, 3, 538),
(4940, 6310, 113, 1, NULL, NULL, 2, 4, 349),
(4941, 6311, 100, 1, NULL, NULL, 2, 4, 0),
(4942, 6312, 113, 1, NULL, NULL, 2, 4, 349),
(4943, 6313, 138, 1, NULL, NULL, 6, 3, 0),
(4944, 6314, 122, 1, NULL, NULL, 6, 3, 0),
(4945, 6315, 122, 1, NULL, NULL, 6, 3, 0),
(4946, 6317, 122, 1, NULL, NULL, 6, 3, 0),
(4947, 6319, 122, 1, NULL, NULL, 6, 3, 0),
(4948, 6320, 130, 1, NULL, NULL, 6, 3, 0),
(4949, 6321, 130, 1, NULL, NULL, 6, 3, 0),
(4950, 6322, 139, 1, NULL, NULL, 6, 3, 538),
(4951, 6323, 90, 1, NULL, NULL, 4, 3, 0),
(4952, 6324, 99, 1, NULL, NULL, 6, 3, 540),
(4953, 6325, 99, 1, NULL, NULL, 6, 3, 540),
(4954, 6326, 100, 1, NULL, NULL, 2, 5, 13),
(4955, 6327, 130, 1, NULL, NULL, 6, 3, 270),
(4956, 6328, 113, 1, NULL, NULL, 2, 5, 360),
(4957, 6329, 104, 1, NULL, NULL, 6, 3, 0),
(4958, 6330, 113, 1, NULL, NULL, 2, 5, 346),
(4959, 6331, 99, 1, NULL, NULL, 6, 3, 1),
(4960, 6332, 133, 1, NULL, NULL, 6, 3, 452),
(4961, 6333, 136, 1, NULL, NULL, 6, 3, 0),
(4962, 6334, 142, 1, NULL, NULL, 6, 3, 0),
(4963, 6335, 99, 1, NULL, NULL, 6, 3, 1),
(4964, 6336, 158, 1, NULL, NULL, 6, 3, 0),
(4965, 6337, 113, 1, NULL, NULL, 2, 5, 257),
(4966, 6338, 100, 1, NULL, NULL, 2, 5, 5),
(4967, 6339, 113, 1, NULL, NULL, 2, 5, 358),
(4968, 6340, 100, 1, NULL, NULL, 2, 5, 13),
(4969, 6341, 113, 1, NULL, NULL, 2, 5, 217),
(4970, 6342, 99, 1, NULL, NULL, 6, 3, 0),
(4971, 6343, 100, 1, NULL, NULL, 2, 5, 15),
(4972, 6350, 90, 1, NULL, NULL, 4, 3, 0),
(4973, 6351, 137, 1, NULL, NULL, 6, 3, 0),
(4974, 6352, 137, 1, NULL, NULL, 6, 3, 0),
(4975, 6353, 113, 1, NULL, NULL, 2, 4, 220),
(4976, 6354, 113, 1, NULL, NULL, 2, 5, 360),
(4977, 6355, 113, 1, NULL, NULL, 2, 5, 358),
(4978, 6356, 107, 1, NULL, NULL, 6, 3, 132),
(4979, 6357, 124, 1, NULL, NULL, 6, 3, 0),
(4980, 6358, 154, 1, NULL, NULL, 6, 3, 481),
(4981, 6359, 100, 1, NULL, NULL, 2, 4, 23),
(4982, 6360, 99, 1, NULL, NULL, 6, 3, 0),
(4983, 6361, 166, 1, NULL, NULL, 6, 3, 0),
(4984, 6362, 161, 1, NULL, NULL, 6, 3, 500),
(4985, 6363, 101, 1, NULL, NULL, 6, 3, 17),
(4986, 6364, 145, 1, NULL, NULL, 6, 3, 540),
(4987, 6366, 113, 1, NULL, NULL, 2, 5, 217),
(4988, 6367, 113, 1, NULL, NULL, 2, 4, 250),
(4989, 6368, 90, 1, NULL, NULL, 4, 1, 187),
(4990, 6369, 101, 1, NULL, NULL, 6, 3, 17),
(4991, 6370, 136, 1, NULL, NULL, 6, 3, 546),
(4992, 6371, 90, 1, NULL, NULL, 4, 1, 548),
(4993, 6372, 100, 1, NULL, NULL, 2, 5, 319),
(4994, 6373, 107, 1, NULL, NULL, 6, 3, 71),
(4995, 6374, 113, 1, NULL, NULL, 2, 4, 355),
(4996, 6375, 107, 1, NULL, NULL, 6, 3, 132),
(4997, 6376, 122, 1, NULL, NULL, 6, 3, 0),
(4998, 6377, 122, 1, NULL, NULL, 6, 3, 0),
(4999, 6378, 122, 1, NULL, NULL, 6, 3, 0),
(5000, 6379, 122, 1, NULL, NULL, 6, 3, 0),
(5001, 6380, 122, 1, NULL, NULL, 6, 3, 0),
(5002, 6381, 122, 1, NULL, NULL, 6, 3, 0),
(5003, 6382, 113, 1, NULL, NULL, 2, 5, 523),
(5004, 6383, 113, 1, NULL, NULL, 2, 5, 523),
(5005, 6384, 113, 1, NULL, NULL, 2, 4, 349),
(5006, 6385, 133, 1, NULL, NULL, 6, 3, 274),
(5007, 6386, 138, 1, NULL, NULL, 6, 3, 549),
(5008, 6387, 90, 1, NULL, NULL, 4, 1, 187),
(5009, 6389, 99, 1, NULL, NULL, 6, 3, 0),
(5010, 6390, 99, 1, NULL, NULL, 6, 3, 0),
(5011, 6391, 99, 1, NULL, NULL, 6, 3, 0),
(5012, 6393, 122, 1, NULL, NULL, 6, 3, 0),
(5013, 6394, 122, 1, NULL, NULL, 6, 3, 0),
(5014, 6396, 122, 1, NULL, NULL, 6, 3, 0),
(5015, 6398, 122, 1, NULL, NULL, 6, 3, 0),
(5016, 6399, 122, 1, NULL, NULL, 6, 3, 0),
(5017, 6400, 128, 1, NULL, NULL, 6, 3, 281),
(5018, 6401, 122, 1, NULL, NULL, 6, 3, 0),
(5019, 6402, 122, 1, NULL, NULL, 6, 3, 0),
(5020, 6403, 122, 1, NULL, NULL, 6, 3, 0),
(5021, 6404, 100, 1, NULL, NULL, 2, 5, 41),
(5022, 6405, 122, 1, NULL, NULL, 6, 3, 0),
(5023, 6406, 122, 1, NULL, NULL, 6, 3, 0),
(5024, 6407, 122, 1, NULL, NULL, 6, 3, 0),
(5025, 6408, 122, 1, NULL, NULL, 6, 3, 0),
(5026, 6409, 122, 1, NULL, NULL, 6, 3, 0),
(5027, 6410, 122, 1, NULL, NULL, 6, 3, 0),
(5028, 6411, 122, 1, NULL, NULL, 6, 3, 0),
(5029, 6412, 100, 1, NULL, NULL, 2, 5, 5),
(5030, 6413, 163, 1, NULL, NULL, 6, 3, 0),
(5031, 6414, 158, 1, NULL, NULL, 6, 3, 0),
(5032, 6415, 133, 1, NULL, NULL, 6, 3, 0),
(5033, 6416, 113, 1, NULL, NULL, 2, 4, 336),
(5034, 6417, 113, 1, NULL, NULL, 2, 4, 336),
(5035, 6418, 113, 1, NULL, NULL, 2, 4, 220),
(5036, 6419, 101, 1, NULL, NULL, 6, 3, 17),
(5037, 6420, 151, 1, NULL, NULL, 6, 3, 466),
(5038, 6421, 113, 1, NULL, NULL, 2, 4, 355),
(5039, 6422, 145, 1, NULL, NULL, 6, 3, 551),
(5040, 6426, 122, 1, NULL, NULL, 6, 3, 0),
(5041, 6427, 113, 1, NULL, NULL, 2, 5, 385),
(5042, 6428, 107, 1, NULL, NULL, 6, 3, 132),
(5043, 6429, 113, 1, NULL, NULL, 2, 4, 349),
(5044, 6430, 159, 1, NULL, NULL, 6, 3, 0),
(5045, 6431, 99, 1, NULL, NULL, 6, 3, 435),
(5046, 6432, 99, 1, NULL, NULL, 6, 3, 496),
(5047, 6433, 99, 1, NULL, NULL, 6, 3, 496),
(5048, 6434, 99, 1, NULL, NULL, 6, 3, 496),
(5049, 6435, 110, 1, NULL, NULL, 6, 3, 0),
(5050, 6436, 113, 1, NULL, NULL, 2, 4, 220),
(5051, 6437, 99, 1, NULL, NULL, 6, 3, 496),
(5052, 6438, 99, 1, NULL, NULL, 6, 3, 496),
(5053, 6439, 100, 1, NULL, NULL, 2, 5, 354),
(5054, 6440, 99, 1, NULL, NULL, 6, 3, 496),
(5055, 6441, 99, 1, NULL, NULL, 6, 3, 496),
(5056, 6443, 113, 1, NULL, NULL, 2, 4, 394),
(5057, 6444, 99, 1, NULL, NULL, 6, 3, 1),
(5058, 6445, 159, 1, NULL, NULL, 6, 3, 0),
(5059, 6446, 113, 1, NULL, NULL, 2, 4, 235),
(5060, 6447, 90, 1, NULL, NULL, 4, 1, 187),
(5061, 6448, 113, 1, NULL, NULL, 2, 5, 357),
(5062, 6449, 91, 1, NULL, NULL, 2, 4, 544),
(5063, 6450, 130, 1, NULL, NULL, 6, 3, 268),
(5064, 6451, 99, 1, NULL, NULL, 6, 3, 54),
(5065, 6452, 113, 1, NULL, NULL, 2, 5, 385),
(5066, 6453, 113, 1, NULL, NULL, 2, 5, 358),
(5067, 6454, 113, 1, NULL, NULL, 2, 4, 349),
(5068, 6455, 99, 1, NULL, NULL, 6, 3, 0),
(5069, 6456, 108, 1, NULL, NULL, 6, 3, 0),
(5070, 6457, 113, 1, NULL, NULL, 2, 4, 220),
(5071, 6458, 158, 1, NULL, NULL, 6, 3, 553),
(5072, 6459, 145, 1, NULL, NULL, 6, 3, 0),
(5073, 6460, 113, 1, NULL, NULL, 2, 4, 0),
(5074, 6461, 106, 1, NULL, NULL, 6, 3, 0),
(5075, 6463, 113, 1, NULL, NULL, 2, 4, 235),
(5076, 6464, 113, 1, NULL, NULL, 2, 4, 355),
(5077, 6465, 113, 1, NULL, NULL, 2, 5, 360),
(5078, 6466, 99, 1, NULL, NULL, 6, 3, 0),
(5079, 6467, 113, 1, NULL, NULL, 2, 4, 208),
(5080, 6468, 99, 1, NULL, NULL, 6, 3, 0),
(5081, 6469, 133, 1, NULL, NULL, 6, 3, 531),
(5082, 6470, 113, 1, NULL, NULL, 2, 5, 385),
(5083, 6471, 146, 1, NULL, NULL, 6, 3, 0),
(5084, 6472, 90, 1, NULL, NULL, 4, 3, 192),
(5085, 6473, 110, 1, NULL, NULL, 6, 3, 0),
(5086, 6474, 110, 1, NULL, NULL, 6, 3, 0),
(5087, 6475, 100, 1, NULL, NULL, 2, 4, 0),
(5088, 6476, 122, 1, NULL, NULL, 6, 3, 0),
(5089, 6479, 122, 1, NULL, NULL, 6, 3, 0),
(5090, 6480, 122, 1, NULL, NULL, 6, 3, 0),
(5091, 6481, 122, 1, NULL, NULL, 6, 3, 0),
(5092, 6482, 113, 1, NULL, NULL, 2, 4, 349),
(5093, 6483, 113, 1, NULL, NULL, 2, 5, 360),
(5094, 6484, 113, 1, NULL, NULL, 2, 4, 355),
(5095, 6485, 113, 1, NULL, NULL, 2, 5, 358),
(5096, 6486, 107, 1, NULL, NULL, 6, 3, 132),
(5097, 6487, 113, 1, NULL, NULL, 2, 5, 385),
(5098, 6488, 113, 1, NULL, NULL, 2, 4, 235),
(5099, 6489, 113, 1, NULL, NULL, 2, 4, 349),
(5100, 6490, 130, 1, NULL, NULL, 6, 3, 267),
(5101, 6491, 99, 1, NULL, NULL, 6, 3, 0),
(5102, 6492, 130, 1, NULL, NULL, 6, 3, 267),
(5103, 6493, 99, 1, NULL, NULL, 6, 3, 496),
(5104, 6494, 133, 1, NULL, NULL, 6, 3, 274),
(5105, 6495, 99, 1, NULL, NULL, 6, 3, 0),
(5106, 6496, 99, 1, NULL, NULL, 6, 3, 496),
(5107, 6497, 145, 1, NULL, NULL, 6, 3, 555),
(5108, 6498, 148, 1, NULL, NULL, 6, 3, 0),
(5109, 6499, 113, 1, NULL, NULL, 2, 4, 0),
(5110, 6500, 158, 1, NULL, NULL, 6, 3, 0),
(5111, 6501, 113, 1, NULL, NULL, 2, 5, 385),
(5112, 6502, 122, 1, NULL, NULL, 6, 3, 0),
(5113, 6503, 122, 1, NULL, NULL, 6, 3, 0),
(5114, 6504, 122, 1, NULL, NULL, 6, 3, 0),
(5115, 6505, 122, 1, NULL, NULL, 6, 3, 0),
(5116, 6506, 99, 1, NULL, NULL, 6, 3, 1),
(5117, 6508, 122, 1, NULL, NULL, 6, 3, 0),
(5118, 6509, 122, 1, NULL, NULL, 6, 3, 0),
(5119, 6510, 122, 1, NULL, NULL, 6, 3, 0),
(5120, 6511, 122, 1, NULL, NULL, 6, 3, 0),
(5121, 6512, 122, 1, NULL, NULL, 6, 3, 0),
(5122, 6513, 122, 1, NULL, NULL, 6, 3, 0),
(5123, 6514, 122, 1, NULL, NULL, 6, 3, 0),
(5124, 6515, 122, 1, NULL, NULL, 6, 3, 0),
(5125, 6516, 122, 1, NULL, NULL, 6, 3, 0),
(5126, 6517, 122, 1, NULL, NULL, 6, 3, 0),
(5127, 6518, 167, 1, NULL, NULL, 6, 3, 0),
(5128, 6519, 128, 1, NULL, NULL, 6, 3, 0),
(5129, 6520, 122, 1, NULL, NULL, 6, 3, 0),
(5130, 6521, 122, 1, NULL, NULL, 6, 3, 0),
(5131, 6522, 99, 1, NULL, NULL, 6, 3, 295),
(5132, 6524, 122, 1, NULL, NULL, 6, 3, 0),
(5133, 6525, 122, 1, NULL, NULL, 6, 3, 0),
(5134, 6526, 113, 1, NULL, NULL, 2, 4, 220),
(5135, 6527, 107, 1, NULL, NULL, 6, 3, 132),
(5136, 6528, 122, 1, NULL, NULL, 6, 3, 0),
(5137, 6529, 133, 1, NULL, NULL, 6, 3, 274),
(5138, 6530, 130, 1, NULL, NULL, 6, 3, 266),
(5139, 6531, 110, 1, NULL, NULL, 6, 3, 0),
(5140, 6532, 122, 1, NULL, NULL, 6, 3, 0),
(5141, 6533, 122, 1, NULL, NULL, 6, 3, 0),
(5142, 6535, 112, 1, NULL, NULL, 4, 1, 121),
(5143, 6536, 99, 1, NULL, NULL, 6, 3, 1),
(5144, 6537, 113, 1, NULL, NULL, 2, 4, 355),
(5145, 6538, 100, 1, NULL, NULL, 2, 4, 0),
(5146, 6539, 161, 1, NULL, NULL, 6, 3, 0),
(5147, 6540, 161, 1, NULL, NULL, 6, 3, 0),
(5148, 6541, 161, 1, NULL, NULL, 6, 3, 0),
(5149, 6542, 161, 1, NULL, NULL, 6, 3, 0),
(5150, 6544, 161, 1, NULL, NULL, 6, 3, 0),
(5151, 6546, 99, 1, NULL, NULL, 6, 3, 1),
(5152, 6547, 148, 1, NULL, NULL, 6, 3, 0),
(5153, 6548, 113, 1, NULL, NULL, 2, 4, 220),
(5154, 6549, 122, 1, NULL, NULL, 6, 3, 0),
(5155, 6550, 99, 1, NULL, NULL, 6, 3, 1),
(5156, 6551, 107, 1, NULL, NULL, 6, 3, 132),
(5157, 6552, 99, 1, NULL, NULL, 6, 3, 1),
(5158, 6553, 113, 1, NULL, NULL, 2, 5, 257),
(5159, 6554, 99, 1, NULL, NULL, 6, 3, 1),
(5160, 6555, 122, 1, NULL, NULL, 6, 3, 0),
(5161, 6556, 122, 1, NULL, NULL, 6, 3, 0),
(5162, 6557, 113, 1, NULL, NULL, 2, 4, 259),
(5163, 6558, 113, 1, NULL, NULL, 2, 4, 235),
(5164, 6559, 99, 1, NULL, NULL, 6, 3, 0),
(5165, 6560, 99, 1, NULL, NULL, 6, 3, 19),
(5166, 6561, 99, 1, NULL, NULL, 6, 3, 19),
(5167, 6562, 99, 1, NULL, NULL, 6, 3, 248),
(5168, 6563, 101, 1, NULL, NULL, 6, 3, 17),
(5169, 6564, 99, 1, NULL, NULL, 6, 3, 19),
(5170, 6565, 99, 1, NULL, NULL, 6, 3, 248),
(5171, 6566, 107, 1, NULL, NULL, 6, 3, 65),
(5172, 6567, 99, 1, NULL, NULL, 6, 3, 295),
(5173, 6568, 167, 1, NULL, NULL, 6, 3, 0),
(5174, 6569, 113, 1, NULL, NULL, 2, 4, 220),
(5175, 6570, 143, 1, NULL, NULL, 6, 3, 0),
(5176, 6571, 113, 1, NULL, NULL, 2, 4, 0),
(5177, 6572, 113, 1, NULL, NULL, 2, 4, 208),
(5178, 6573, 113, 1, NULL, NULL, 2, 4, 244),
(5179, 6575, 99, 1, NULL, NULL, 6, 3, 435),
(5180, 6576, 122, 1, NULL, NULL, 6, 3, 0),
(5181, 6577, 113, 1, NULL, NULL, 2, 4, 355),
(5182, 6578, 122, 1, NULL, NULL, 6, 3, 0),
(5183, 6579, 99, 1, NULL, NULL, 6, 3, 1),
(5184, 6580, 113, 1, NULL, NULL, 2, 4, 220),
(5185, 6581, 99, 1, NULL, NULL, 6, 3, 1),
(5186, 6582, 107, 1, NULL, NULL, 6, 3, 132),
(5187, 6583, 99, 1, NULL, NULL, 6, 3, 1),
(5188, 6584, 148, 1, NULL, NULL, 6, 3, 565),
(5189, 6585, 167, 1, NULL, NULL, 6, 3, 567),
(5190, 6586, 144, 1, NULL, NULL, 6, 3, 0),
(5191, 6587, 132, 1, NULL, NULL, 6, 3, 469),
(5192, 6588, 113, 1, NULL, NULL, 2, 5, 340),
(5193, 6589, 90, 1, NULL, NULL, 4, 1, 187),
(5194, 6590, 99, 1, NULL, NULL, 6, 3, 1),
(5195, 6591, 167, 1, NULL, NULL, 6, 3, 567),
(5196, 6592, 144, 1, NULL, NULL, 6, 3, 476),
(5197, 6594, 113, 1, NULL, NULL, 2, 5, 358),
(5198, 6595, 113, 1, NULL, NULL, 2, 5, 385),
(5199, 6596, 113, 1, NULL, NULL, 2, 4, 349),
(5200, 6598, 99, 1, NULL, NULL, 6, 3, 54),
(5201, 6599, 99, 1, NULL, NULL, 6, 3, 1),
(5202, 6600, 113, 1, NULL, NULL, 2, 5, 360),
(5203, 6602, 113, 1, NULL, NULL, 2, 4, 349),
(5204, 6603, 113, 1, NULL, NULL, 2, 5, 358),
(5205, 6604, 113, 1, NULL, NULL, 2, 5, 385),
(5206, 6605, 113, 1, NULL, NULL, 2, 5, 360),
(5207, 6606, 113, 1, NULL, NULL, 2, 4, 355),
(5208, 6607, 100, 1, NULL, NULL, 2, 5, 319),
(5209, 6608, 113, 1, NULL, NULL, 2, 5, 385),
(5210, 6609, 113, 1, NULL, NULL, 2, 4, 208),
(5211, 6610, 128, 1, NULL, NULL, 6, 3, 0),
(5212, 6611, 165, 1, NULL, NULL, 6, 3, 573),
(5213, 6612, 145, 1, NULL, NULL, 6, 3, 414),
(5214, 6613, 99, 1, NULL, NULL, 6, 3, 1),
(5215, 6614, 107, 1, NULL, NULL, 6, 3, 132),
(5216, 6615, 99, 1, NULL, NULL, 6, 3, 1),
(5217, 6616, 99, 1, NULL, NULL, 6, 3, 1),
(5218, 6617, 112, 1, NULL, NULL, 4, 1, 109),
(5219, 6618, 99, 1, NULL, NULL, 6, 3, 1),
(5220, 6619, 128, 1, NULL, NULL, 6, 3, 0),
(5221, 6620, 152, 1, NULL, NULL, 6, 3, 0),
(5222, 6621, 132, 1, NULL, NULL, 6, 3, 427),
(5223, 6622, 132, 1, NULL, NULL, 6, 3, 469),
(5224, 6623, 112, 1, NULL, NULL, 4, 1, 121),
(5225, 6624, 99, 1, NULL, NULL, 6, 3, 1),
(5226, 6625, 132, 1, NULL, NULL, 6, 3, 427),
(5227, 6627, 90, 1, NULL, NULL, 4, 1, 187),
(5228, 6628, 99, 1, NULL, NULL, 6, 3, 295),
(5229, 6629, 113, 1, NULL, NULL, 2, 5, 385),
(5230, 6630, 113, 1, NULL, NULL, 2, 4, 349),
(5231, 6631, 113, 1, NULL, NULL, 2, 5, 360),
(5232, 6632, 113, 1, NULL, NULL, 2, 5, 358),
(5233, 6633, 113, 1, NULL, NULL, 2, 4, 355),
(5234, 6634, 99, 1, NULL, NULL, 6, 3, 248),
(5235, 6635, 99, 1, NULL, NULL, 6, 3, 1),
(5236, 6636, 132, 1, NULL, NULL, 6, 3, 427),
(5237, 6637, 112, 1, NULL, NULL, 4, 1, 109),
(5238, 6638, 167, 1, NULL, NULL, 6, 3, 0),
(5239, 6639, 152, 1, NULL, NULL, 6, 3, 0),
(5240, 6640, 100, 1, NULL, NULL, 2, 5, 13),
(5241, 6642, 167, 1, NULL, NULL, 6, 3, 570),
(5242, 6643, 147, 1, NULL, NULL, 6, 3, 0),
(5243, 6644, 151, 1, NULL, NULL, 6, 3, 466),
(5244, 6645, 152, 1, NULL, NULL, 6, 3, 0),
(5245, 6647, 145, 1, NULL, NULL, 6, 3, 559),
(5246, 6648, 152, 1, NULL, NULL, 6, 3, 578),
(5247, 6652, 113, 1, NULL, NULL, 2, 4, 235),
(5248, 6653, 113, 1, NULL, NULL, 2, 5, 385),
(5249, 6654, 118, 1, NULL, NULL, 6, 3, 103),
(5250, 6655, 113, 1, NULL, NULL, 2, 5, 358),
(5251, 6656, 90, 1, NULL, NULL, 4, 1, 187),
(5252, 6657, 100, 1, NULL, NULL, 2, 4, 0),
(5253, 6658, 104, 1, NULL, NULL, 6, 3, 0),
(5254, 6659, 113, 1, NULL, NULL, 2, 4, 0),
(5255, 6660, 113, 1, NULL, NULL, 2, 4, 355),
(5256, 6661, 107, 1, NULL, NULL, 6, 3, 132),
(5257, 6663, 90, 1, NULL, NULL, 4, 1, 187),
(5258, 6664, 90, 1, NULL, NULL, 4, 3, 0),
(5259, 6665, 90, 1, NULL, NULL, 4, 1, 206),
(5260, 6666, 90, 1, NULL, NULL, 4, 1, 471),
(5261, 6668, 99, 1, NULL, NULL, 6, 3, 1),
(5262, 6669, 99, 1, NULL, NULL, 6, 3, 0),
(5263, 6670, 152, 1, NULL, NULL, 6, 3, 0),
(5264, 6671, 100, 1, NULL, NULL, 2, 5, 41),
(5265, 6672, 100, 1, NULL, NULL, 2, 5, 5),
(5266, 6675, 113, 1, NULL, NULL, 2, 5, 586),
(5267, 6676, 113, 1, NULL, NULL, 2, 5, 358),
(5268, 6677, 112, 1, NULL, NULL, 4, 1, 109),
(5269, 6678, 144, 1, NULL, NULL, 6, 3, 476),
(5270, 6680, 113, 1, NULL, NULL, 2, 4, 235),
(5271, 6681, 107, 1, NULL, NULL, 6, 3, 132),
(5272, 6682, 113, 1, NULL, NULL, 2, 4, 259),
(5273, 6683, 130, 1, NULL, NULL, 6, 3, 268),
(5274, 6684, 113, 1, NULL, NULL, 2, 5, 586),
(5275, 6685, 167, 1, NULL, NULL, 6, 3, 569),
(5276, 6686, 167, 1, NULL, NULL, 6, 3, 567),
(5277, 6687, 130, 1, NULL, NULL, 6, 3, 264),
(5278, 6688, 113, 1, NULL, NULL, 2, 4, 0),
(5279, 6689, 100, 1, NULL, NULL, 2, 4, 0),
(5280, 6690, 90, 1, NULL, NULL, 4, 1, 206),
(5281, 6691, 100, 1, NULL, NULL, 2, 4, 0),
(5282, 6692, 158, 1, NULL, NULL, 6, 3, 572),
(5283, 6694, 130, 1, NULL, NULL, 6, 3, 268),
(5284, 6695, 152, 1, NULL, NULL, 6, 3, 578),
(5285, 6696, 167, 1, NULL, NULL, 6, 3, 569),
(5286, 6697, 113, 1, NULL, NULL, 2, 4, 220),
(5287, 6698, 140, 1, NULL, NULL, 6, 3, 0),
(5288, 6699, 99, 1, NULL, NULL, 6, 3, 588),
(5289, 6700, 99, 1, NULL, NULL, 6, 3, 0),
(5290, 6701, 99, 1, NULL, NULL, 6, 3, 0),
(5291, 6702, 99, 1, NULL, NULL, 6, 3, 0),
(5292, 6703, 99, 1, NULL, NULL, 6, 3, 0),
(5293, 6704, 99, 1, NULL, NULL, 6, 3, 0),
(5294, 6706, 99, 1, NULL, NULL, 6, 3, 54),
(5295, 6708, 122, 1, NULL, NULL, 6, 3, 0),
(5296, 6709, 122, 1, NULL, NULL, 6, 3, 0),
(5297, 6710, 107, 1, NULL, NULL, 6, 3, 132),
(5298, 6711, 113, 1, NULL, NULL, 2, 5, 385),
(5299, 6712, 99, 1, NULL, NULL, 6, 3, 0),
(5300, 6714, 99, 1, NULL, NULL, 6, 3, 0),
(5301, 6715, 99, 1, NULL, NULL, 6, 3, 0),
(5302, 6716, 99, 1, NULL, NULL, 6, 3, 0),
(5303, 6717, 99, 1, NULL, NULL, 6, 3, 0),
(5304, 6720, 144, 1, NULL, NULL, 6, 3, 476),
(5305, 6721, 122, 1, NULL, NULL, 6, 3, 0),
(5306, 6722, 168, 1, NULL, NULL, 6, 3, 588),
(5307, 6723, 100, 1, NULL, NULL, 2, 4, 0),
(5308, 6724, 99, 1, NULL, NULL, 6, 3, 0),
(5309, 6725, 169, 1, NULL, NULL, 6, 3, 0),
(5310, 6726, 113, 1, NULL, NULL, 2, 4, 208),
(5311, 6728, 113, 1, NULL, NULL, 2, 5, 358),
(5312, 6729, 113, 1, NULL, NULL, 2, 5, 385),
(5313, 6730, 113, 1, NULL, NULL, 2, 4, 355),
(5314, 6731, 113, 1, NULL, NULL, 2, 5, 360),
(5315, 6732, 113, 1, NULL, NULL, 2, 4, 349),
(5316, 6733, 99, 1, NULL, NULL, 6, 3, 248),
(5317, 6734, 99, 1, NULL, NULL, 6, 3, 295),
(5318, 6736, 99, 1, NULL, NULL, 6, 3, 0),
(5319, 6737, 152, 1, NULL, NULL, 6, 3, 0),
(5320, 6738, 113, 1, NULL, NULL, 2, 4, 349),
(5321, 6739, 113, 1, NULL, NULL, 2, 5, 358),
(5322, 6740, 113, 1, NULL, NULL, 2, 5, 385),
(5323, 6741, 113, 1, NULL, NULL, 2, 5, 360),
(5324, 6742, 113, 1, NULL, NULL, 2, 4, 355),
(5325, 6743, 144, 1, NULL, NULL, 6, 3, 481),
(5326, 6744, 145, 1, NULL, NULL, 6, 3, 414),
(5327, 6747, 99, 1, NULL, NULL, 6, 3, 1),
(5328, 6748, 99, 1, NULL, NULL, 6, 3, 1),
(5329, 6749, 99, 1, NULL, NULL, 6, 3, 0),
(5330, 6750, 167, 1, NULL, NULL, 6, 3, 0),
(5331, 6751, 113, 1, NULL, NULL, 2, 4, 355),
(5332, 6752, 148, 1, NULL, NULL, 6, 3, 0),
(5333, 6753, 133, 1, NULL, NULL, 6, 3, 274),
(5334, 6754, 107, 1, NULL, NULL, 6, 3, 364),
(5335, 6755, 167, 1, NULL, NULL, 6, 3, 0),
(5336, 6756, 113, 1, NULL, NULL, 2, 4, 220),
(5337, 6757, 107, 1, NULL, NULL, 6, 3, 132),
(5338, 6758, 145, 1, NULL, NULL, 6, 3, 414),
(5339, 6759, 99, 1, NULL, NULL, 6, 3, 0),
(5340, 6760, 158, 1, NULL, NULL, 6, 3, 541),
(5341, 6761, 99, 1, NULL, NULL, 6, 3, 0),
(5342, 6762, 152, 1, NULL, NULL, 6, 3, 576),
(5343, 6763, 145, 1, NULL, NULL, 6, 3, 414),
(5344, 6764, 113, 1, NULL, NULL, 2, 4, 220),
(5345, 6765, 113, 1, NULL, NULL, 2, 4, 235),
(5346, 6766, 113, 1, NULL, NULL, 2, 4, 235),
(5347, 6767, 151, 1, NULL, NULL, 6, 3, 0),
(5348, 6768, 148, 1, NULL, NULL, 6, 3, 0),
(5349, 6769, 100, 1, NULL, NULL, 2, 5, 15),
(5350, 6770, 100, 1, NULL, NULL, 2, 5, 589),
(5351, 6771, 100, 1, NULL, NULL, 2, 4, 23),
(5352, 6772, 100, 1, NULL, NULL, 2, 5, 319),
(5353, 6773, 100, 1, NULL, NULL, 2, 4, 58),
(5354, 6774, 113, 1, NULL, NULL, 2, 4, 235),
(5355, 6775, 107, 1, NULL, NULL, 6, 3, 132),
(5356, 6776, 130, 1, NULL, NULL, 6, 3, 445),
(5357, 6777, 152, 1, NULL, NULL, 6, 3, 0),
(5358, 6778, 167, 1, NULL, NULL, 6, 3, 571),
(5359, 6779, 133, 1, NULL, NULL, 6, 3, 0),
(5360, 6780, 142, 1, NULL, NULL, 6, 3, 0),
(5361, 6781, 100, 1, NULL, NULL, 2, 5, 112),
(5362, 6782, 100, 1, NULL, NULL, 2, 4, 58),
(5363, 6783, 113, 1, NULL, NULL, 2, 4, 220),
(5364, 6784, 113, 1, NULL, NULL, 2, 5, 340),
(5365, 6785, 113, 1, NULL, NULL, 2, 5, 340),
(5366, 6786, 113, 1, NULL, NULL, 2, 5, 385),
(5367, 6787, 113, 1, NULL, NULL, 2, 5, 326),
(5368, 6788, 107, 1, NULL, NULL, 6, 3, 132),
(5369, 6789, 122, 1, NULL, NULL, 6, 3, 0),
(5370, 6790, 113, 1, NULL, NULL, 2, 4, 349),
(5371, 6791, 100, 1, NULL, NULL, 2, 4, 0),
(5372, 6792, 100, 1, NULL, NULL, 2, 5, 117),
(5373, 6793, 100, 1, NULL, NULL, 2, 5, 589),
(5374, 6794, 113, 1, NULL, NULL, 2, 5, 358),
(5375, 6795, 99, 1, NULL, NULL, 6, 3, 19),
(5376, 6796, 99, 1, NULL, NULL, 6, 3, 248),
(5377, 6797, 99, 1, NULL, NULL, 6, 3, 295),
(5378, 6800, 100, 1, NULL, NULL, 2, 5, 5),
(5379, 6801, 100, 1, NULL, NULL, 2, 4, 23),
(5380, 6802, 151, 1, NULL, NULL, 6, 3, 466),
(5381, 6803, 107, 1, NULL, NULL, 6, 3, 132),
(5382, 6804, 107, 1, NULL, NULL, 6, 3, 167),
(5383, 6805, 113, 1, NULL, NULL, 2, 4, 220),
(5384, 6806, 113, 1, NULL, NULL, 2, 5, 217),
(5385, 6808, 113, 1, NULL, NULL, 2, 4, 235),
(5386, 6809, 113, 1, NULL, NULL, 2, 4, 235),
(5387, 6810, 170, 1, NULL, NULL, 6, 3, 598),
(5388, 6811, 99, 1, NULL, NULL, 6, 3, 0),
(5389, 6812, 130, 1, NULL, NULL, 6, 3, 268),
(5390, 6813, 158, 1, NULL, NULL, 6, 3, 0),
(5391, 6814, 90, 1, NULL, NULL, 4, 1, 187),
(5392, 6816, 113, 1, NULL, NULL, 2, 5, 358),
(5393, 6817, 113, 1, NULL, NULL, 2, 5, 358),
(5394, 6818, 113, 1, NULL, NULL, 2, 4, 394),
(5395, 6819, 113, 1, NULL, NULL, 2, 4, 208),
(5396, 6820, 133, 1, NULL, NULL, 6, 3, 438),
(5397, 6821, 113, 1, NULL, NULL, 2, 4, 349),
(5398, 6822, 122, 1, NULL, NULL, 6, 3, 0),
(5399, 6823, 107, 1, NULL, NULL, 6, 3, 132),
(5400, 6824, 168, 1, NULL, NULL, 6, 3, 588),
(5401, 6825, 145, 1, NULL, NULL, 6, 3, 414),
(5402, 6826, 113, 1, NULL, NULL, 2, 5, 348),
(5403, 6827, 99, 1, NULL, NULL, 6, 3, 1),
(5404, 6828, 99, 1, NULL, NULL, 6, 3, 1),
(5405, 6829, 99, 1, NULL, NULL, 6, 3, 0),
(5406, 6830, 142, 1, NULL, NULL, 6, 3, 320),
(5407, 6831, 100, 1, NULL, NULL, 2, 5, 319),
(5408, 6832, 113, 1, NULL, NULL, 2, 4, 235),
(5409, 6833, 122, 1, NULL, NULL, 6, 3, 0),
(5410, 6834, 122, 1, NULL, NULL, 6, 3, 0),
(5411, 6835, 113, 1, NULL, NULL, 2, 4, 182),
(5412, 6837, 100, 1, NULL, NULL, 2, 5, 589),
(5413, 6839, 99, 1, NULL, NULL, 6, 3, 1),
(5414, 6840, 146, 1, NULL, NULL, 6, 3, 0),
(5415, 6841, 107, 1, NULL, NULL, 6, 3, 167),
(5416, 6842, 100, 1, NULL, NULL, 2, 4, 0),
(5417, 6843, 112, 1, NULL, NULL, 4, 1, 260),
(5418, 6845, 99, 1, NULL, NULL, 6, 3, 607),
(5419, 6847, 113, 1, NULL, NULL, 2, 5, 360),
(5420, 6848, 113, 1, NULL, NULL, 2, 4, 355),
(5421, 6849, 113, 1, NULL, NULL, 2, 5, 385),
(5422, 6850, 113, 1, NULL, NULL, 2, 5, 358),
(5423, 6851, 113, 1, NULL, NULL, 2, 4, 349),
(5424, 6853, 99, 1, NULL, NULL, 6, 3, 0),
(5425, 6854, 158, 1, NULL, NULL, 6, 3, 553),
(5426, 6855, 104, 1, NULL, NULL, 6, 3, 0),
(5427, 6856, 100, 1, NULL, NULL, 2, 5, 608),
(5428, 6857, 99, 1, NULL, NULL, 6, 3, 0),
(5429, 6858, 90, 1, NULL, NULL, 4, 1, 187),
(5430, 6859, 113, 1, NULL, NULL, 2, 5, 257),
(5431, 6860, 168, 1, NULL, NULL, 6, 3, 0),
(5432, 6861, 113, 1, NULL, NULL, 2, 4, 0),
(5433, 6862, 113, 1, NULL, NULL, 2, 4, 235),
(5434, 6863, 113, 1, NULL, NULL, 2, 4, 220),
(5435, 6864, 100, 1, NULL, NULL, 2, 4, 0),
(5436, 6865, 113, 1, NULL, NULL, 2, 4, 0),
(5437, 6866, 113, 1, NULL, NULL, 2, 4, 0),
(5438, 6867, 113, 1, NULL, NULL, 2, 4, 204),
(5439, 6868, 130, 1, NULL, NULL, 6, 3, 0),
(5440, 6869, 113, 1, NULL, NULL, 2, 5, 611),
(5441, 6870, 113, 1, NULL, NULL, 2, 5, 610),
(5442, 6871, 100, 1, NULL, NULL, 2, 5, 589),
(5443, 6872, 90, 1, NULL, NULL, 4, 1, 583),
(5444, 6873, 113, 1, NULL, NULL, 2, 4, 234),
(5445, 6875, 113, 1, NULL, NULL, 2, 4, 0),
(5446, 6876, 100, 1, NULL, NULL, 2, 5, 309),
(5447, 6877, 113, 1, NULL, NULL, 2, 5, 611),
(5448, 6878, 100, 1, NULL, NULL, 2, 4, 0),
(5449, 6879, 100, 1, NULL, NULL, 2, 4, 0),
(5450, 6880, 107, 1, NULL, NULL, 6, 3, 132),
(5451, 6881, 107, 1, NULL, NULL, 6, 3, 132),
(5452, 6882, 113, 1, NULL, NULL, 2, 4, 0),
(5453, 6883, 99, 1, NULL, NULL, 6, 3, 614),
(5454, 6884, 99, 1, NULL, NULL, 6, 3, 0),
(5455, 6885, 113, 1, NULL, NULL, 2, 4, 349),
(5456, 6886, 158, 1, NULL, NULL, 6, 3, 495),
(5457, 6887, 113, 1, NULL, NULL, 2, 5, 340),
(5458, 6888, 100, 1, NULL, NULL, 2, 4, 0),
(5459, 6889, 133, 1, NULL, NULL, 6, 3, 274),
(5460, 6890, 113, 1, NULL, NULL, 2, 4, 0),
(5461, 6891, 133, 1, NULL, NULL, 6, 3, 274),
(5462, 6892, 99, 1, NULL, NULL, 6, 3, 1),
(5463, 6893, 113, 1, NULL, NULL, 2, 5, 358),
(5464, 6894, 99, 1, NULL, NULL, 6, 3, 1),
(5465, 6895, 99, 1, NULL, NULL, 6, 3, 614),
(5466, 6896, 99, 1, NULL, NULL, 6, 3, 1),
(5467, 6897, 99, 1, NULL, NULL, 6, 3, 614),
(5468, 6898, 99, 1, NULL, NULL, 6, 3, 0),
(5469, 6899, 113, 1, NULL, NULL, 2, 4, 0),
(5470, 6900, 113, 1, NULL, NULL, 2, 4, 0),
(5471, 6901, 100, 1, NULL, NULL, 2, 5, 319),
(5472, 6902, 145, 1, NULL, NULL, 6, 3, 414),
(5473, 6903, 107, 1, NULL, NULL, 6, 3, 132),
(5474, 6904, 100, 1, NULL, NULL, 2, 5, 15),
(5475, 6905, 100, 1, NULL, NULL, 2, 4, 615),
(5476, 6906, 132, 1, NULL, NULL, 6, 3, 620),
(5477, 6907, 113, 1, NULL, NULL, 2, 4, 612),
(5478, 6908, 158, 1, NULL, NULL, 6, 3, 0),
(5479, 6909, 112, 1, NULL, NULL, 4, 1, 104),
(5480, 6910, 108, 1, NULL, NULL, 6, 3, 621),
(5481, 6911, 99, 1, NULL, NULL, 6, 3, 0),
(5482, 6912, 100, 1, NULL, NULL, 2, 4, 0),
(5483, 6913, 113, 1, NULL, NULL, 2, 4, 612),
(5484, 6914, 158, 1, NULL, NULL, 6, 3, 495),
(5485, 6915, 132, 1, NULL, NULL, 6, 3, 427),
(5486, 6916, 158, 1, NULL, NULL, 6, 3, 0),
(5487, 6917, 113, 1, NULL, NULL, 2, 4, 0),
(5488, 6918, 107, 1, NULL, NULL, 6, 3, 132),
(5489, 6919, 167, 1, NULL, NULL, 6, 3, 571),
(5490, 6920, 130, 1, NULL, NULL, 6, 3, 624),
(5491, 6921, 130, 1, NULL, NULL, 6, 3, 625),
(5492, 6922, 151, 1, NULL, NULL, 6, 3, 0),
(5493, 6923, 113, 1, NULL, NULL, 2, 5, 611),
(5494, 6924, 124, 1, NULL, NULL, 6, 3, 0),
(5495, 6925, 132, 1, NULL, NULL, 6, 3, 0),
(5496, 6928, 107, 1, NULL, NULL, 6, 3, 132),
(5497, 6929, 113, 1, NULL, NULL, 2, 5, 385),
(5498, 6930, 113, 1, NULL, NULL, 2, 4, 220),
(5499, 6932, 133, 1, NULL, NULL, 6, 3, 274),
(5500, 6933, 144, 1, NULL, NULL, 6, 3, 481),
(5501, 6934, 113, 1, NULL, NULL, 2, 5, 217),
(5502, 6936, 113, 1, NULL, NULL, 2, 4, 220),
(5503, 6937, 113, 1, NULL, NULL, 2, 4, 234),
(5504, 6938, 100, 1, NULL, NULL, 2, 4, 615),
(5505, 6939, 144, 1, NULL, NULL, 6, 3, 481),
(5506, 6940, 144, 1, NULL, NULL, 6, 3, 476),
(5507, 6941, 99, 1, NULL, NULL, 6, 3, 1),
(5508, 6942, 99, 1, NULL, NULL, 6, 3, 1),
(5509, 6943, 107, 1, NULL, NULL, 6, 3, 132),
(5510, 6944, 99, 1, NULL, NULL, 6, 3, 0),
(5511, 6945, 113, 1, NULL, NULL, 2, 4, 234),
(5512, 6946, 113, 1, NULL, NULL, 2, 4, 234),
(5513, 6947, 113, 1, NULL, NULL, 2, 4, 234),
(5514, 6948, 113, 1, NULL, NULL, 2, 4, 234),
(5515, 6949, 113, 1, NULL, NULL, 2, 4, 234),
(5516, 6950, 100, 1, NULL, NULL, 2, 4, 616),
(5517, 6951, 113, 1, NULL, NULL, 2, 5, 257),
(5518, 6952, 100, 1, NULL, NULL, 2, 5, 608),
(5519, 6954, 130, 1, NULL, NULL, 6, 3, 264),
(5520, 6955, 99, 1, NULL, NULL, 6, 3, 1),
(5521, 6956, 167, 1, NULL, NULL, 6, 3, 0),
(5522, 6958, 113, 1, NULL, NULL, 2, 4, 612),
(5523, 6959, 99, 1, NULL, NULL, 6, 3, 54),
(5524, 6960, 99, 1, NULL, NULL, 6, 3, 596),
(5525, 6961, 113, 1, NULL, NULL, 2, 5, 358),
(5526, 6962, 113, 1, NULL, NULL, 2, 5, 360),
(5527, 6963, 113, 1, NULL, NULL, 2, 5, 385),
(5528, 6964, 113, 1, NULL, NULL, 2, 4, 349),
(5529, 6965, 113, 1, NULL, NULL, 2, 4, 235),
(5530, 6967, 99, 1, NULL, NULL, 6, 3, 0),
(5531, 6968, 135, 1, NULL, NULL, 6, 3, 0),
(5532, 6969, 92, 1, NULL, NULL, 6, 3, 0),
(5533, 6971, 108, 1, NULL, NULL, 6, 3, 621),
(5534, 6972, 113, 1, NULL, NULL, 2, 5, 358),
(5535, 6973, 113, 1, NULL, NULL, 2, 5, 360),
(5536, 6974, 113, 1, NULL, NULL, 2, 5, 385),
(5537, 6977, 113, 1, NULL, NULL, 2, 4, 612),
(5538, 6978, 101, 1, NULL, NULL, 6, 3, 17),
(5539, 6979, 113, 1, NULL, NULL, 2, 4, 234),
(5540, 6980, 113, 1, NULL, NULL, 2, 5, 162),
(5541, 6981, 113, 1, NULL, NULL, 2, 5, 385),
(5542, 6982, 113, 1, NULL, NULL, 2, 5, 358),
(5543, 6983, 113, 1, NULL, NULL, 2, 5, 360),
(5544, 6984, 99, 1, NULL, NULL, 6, 3, 1),
(5545, 6985, 113, 1, NULL, NULL, 2, 4, 349),
(5546, 6986, 107, 1, NULL, NULL, 6, 3, 132),
(5547, 6987, 99, 1, NULL, NULL, 6, 3, 1),
(5548, 6988, 99, 1, NULL, NULL, 6, 3, 0),
(5549, 6989, 169, 1, NULL, NULL, 6, 3, 0),
(5550, 6990, 158, 1, NULL, NULL, 6, 3, 553),
(5551, 6991, 158, 1, NULL, NULL, 6, 3, 0),
(5552, 6992, 130, 1, NULL, NULL, 6, 3, 625),
(5553, 6993, 128, 1, NULL, NULL, 6, 3, 0),
(5554, 6994, 113, 1, NULL, NULL, 2, 5, 217),
(5555, 6995, 113, 1, NULL, NULL, 2, 5, 523),
(5556, 6996, 113, 1, NULL, NULL, 2, 4, 612),
(5557, 6997, 163, 1, NULL, NULL, 6, 3, 0),
(5558, 6998, 100, 1, NULL, NULL, 2, 4, 0),
(5559, 6999, 130, 1, NULL, NULL, 6, 3, 439),
(5560, 7000, 99, 1, NULL, NULL, 6, 3, 0),
(5561, 7001, 145, 1, NULL, NULL, 6, 3, 0),
(5562, 7002, 130, 1, NULL, NULL, 6, 3, 270),
(5563, 7003, 130, 1, NULL, NULL, 6, 3, 270),
(5564, 7004, 130, 1, NULL, NULL, 6, 3, 0),
(5565, 7005, 130, 1, NULL, NULL, 6, 3, 625),
(5566, 7006, 130, 1, NULL, NULL, 6, 3, 625),
(5567, 7007, 130, 1, NULL, NULL, 6, 3, 625),
(5568, 7008, 113, 1, NULL, NULL, 2, 5, 178),
(5569, 7009, 100, 1, NULL, NULL, 2, 4, 616),
(5570, 7010, 100, 1, NULL, NULL, 2, 5, 15),
(5571, 7011, 130, 1, NULL, NULL, 6, 3, 439),
(5572, 7012, 113, 1, NULL, NULL, 2, 5, 317),
(5573, 7013, 113, 1, NULL, NULL, 2, 4, 220),
(5574, 7014, 113, 1, NULL, NULL, 2, 5, 360),
(5575, 7015, 107, 1, NULL, NULL, 6, 3, 132),
(5576, 7016, 130, 1, NULL, NULL, 6, 3, 625),
(5577, 7017, 91, 1, NULL, NULL, 2, 4, 0),
(5578, 7018, 99, 1, NULL, NULL, 6, 3, 0),
(5579, 7019, 158, 1, NULL, NULL, 6, 3, 553),
(5580, 7020, 99, 1, NULL, NULL, 6, 3, 1),
(5581, 7021, 151, 1, NULL, NULL, 6, 3, 466),
(5582, 7022, 113, 1, NULL, NULL, 2, 5, 385),
(5583, 7023, 113, 1, NULL, NULL, 2, 5, 357),
(5584, 7024, 100, 1, NULL, NULL, 2, 4, 23),
(5585, 7025, 113, 1, NULL, NULL, 2, 4, 612),
(5586, 7026, 99, 1, NULL, NULL, 6, 3, 0),
(5587, 7027, 90, 1, NULL, NULL, 4, 1, 187),
(5588, 7028, 130, 1, NULL, NULL, 6, 3, 439),
(5589, 7029, 128, 1, NULL, NULL, 6, 3, 0),
(5590, 7030, 90, 1, NULL, NULL, 4, 3, 0),
(5591, 7031, 90, 1, NULL, NULL, 4, 3, 0),
(5592, 7032, 113, 1, NULL, NULL, 2, 4, 220),
(5593, 7033, 113, 1, NULL, NULL, 2, 5, 504),
(5594, 7034, 113, 1, NULL, NULL, 2, 4, 0),
(5595, 7035, 128, 1, NULL, NULL, 6, 3, 281),
(5596, 7037, 158, 1, NULL, NULL, 6, 3, 541),
(5597, 7038, 169, 1, NULL, NULL, 6, 3, 0),
(5598, 7039, 133, 1, NULL, NULL, 6, 3, 274),
(5599, 7040, 100, 1, NULL, NULL, 2, 4, 615),
(5600, 7041, 100, 1, NULL, NULL, 2, 5, 112),
(5601, 7042, 158, 1, NULL, NULL, 6, 3, 0),
(5602, 7043, 144, 1, NULL, NULL, 6, 3, 0),
(5603, 7044, 113, 1, NULL, NULL, 2, 5, 360),
(5604, 7045, 113, 1, NULL, NULL, 2, 4, 349),
(5605, 7046, 113, 1, NULL, NULL, 2, 5, 358),
(5606, 7047, 113, 1, NULL, NULL, 2, 5, 385),
(5607, 7049, 107, 1, NULL, NULL, 6, 3, 132),
(5608, 7051, 171, 1, NULL, NULL, 6, 3, 628),
(5609, 7052, 107, 1, NULL, NULL, 6, 3, 494),
(5610, 7053, 163, 1, NULL, NULL, 6, 3, 0),
(5611, 7054, 90, 1, NULL, NULL, 4, 3, 472),
(5612, 7055, 90, 1, NULL, NULL, 4, 1, 187),
(5613, 7056, 158, 1, NULL, NULL, 6, 3, 641),
(5614, 7057, 90, 1, NULL, NULL, 4, 3, 0),
(5615, 7058, 113, 1, NULL, NULL, 2, 4, 220),
(5616, 7059, 144, 1, NULL, NULL, 6, 3, 0),
(5617, 7060, 169, 1, NULL, NULL, 6, 3, 0),
(5618, 7061, 90, 1, NULL, NULL, 4, 1, 187),
(5619, 7062, 158, 1, NULL, NULL, 6, 3, 641),
(5620, 7063, 113, 1, NULL, NULL, 2, 5, 257),
(5621, 7064, 101, 1, NULL, NULL, 6, 3, 17),
(5622, 7065, 107, 1, NULL, 1, 6, 3, 364),
(5625, 5794, 152, 1, NULL, NULL, 6, 3, 0),
(5626, 5799, 119, 1, NULL, NULL, 6, 3, 0),
(5627, 5789, 128, 1, NULL, NULL, 6, 3, 0);

-- --------------------------------------------------------

--
-- Table structure for table `timeslip_info`
--

CREATE TABLE IF NOT EXISTS `timeslip_info` (
  `id` int(11) NOT NULL AUTO_INCREMENT,
  `labtech_timeslip_id` int(10) NOT NULL,
  `labtech_ticket_id` int(10) NOT NULL,
  `ticket_info_id` int(10) NOT NULL,
  `billed_time_hours` int(100) NOT NULL DEFAULT '0',
  `billed_time_mins` int(100) NOT NULL,
  `charge_rate_id` int(10) NOT NULL,
  `billing_account_id` int(11) NOT NULL,
  `labtech_category` int(10) NOT NULL,
  `labtech_hours` int(100) NOT NULL,
  `labtech_mins` int(100) NOT NULL,
  PRIMARY KEY (`id`)
) ENGINE=InnoDB  DEFAULT CHARSET=latin1 AUTO_INCREMENT=7526 ;

--
-- Dumping data for table `timeslip_info`
--

INSERT INTO `timeslip_info` (`id`, `labtech_timeslip_id`, `labtech_ticket_id`, `ticket_info_id`, `billed_time_hours`, `billed_time_mins`, `charge_rate_id`, `billing_account_id`, `labtech_category`, `labtech_hours`, `labtech_mins`) VALUES
(6842, 4498, 5812, 4511, 2, 0, 3, 6, 1, 2, 0),
(6843, 4495, 5810, 4509, 1, 0, 3, 4, 1, 1, 0),
(6844, 4496, 5811, 4510, 1, 0, 1, 4, 1, 1, 0),
(6845, 4497, 5810, 4509, 0, 15, 3, 4, 1, 0, 15),
(6846, 4499, 5809, 4508, 0, 5, 3, 6, 1, 0, 5),
(6847, 4500, 5807, 4506, 2, 30, 1, 4, 1, 2, 30),
(6848, 4501, 5821, 4520, 0, 15, 1, 4, 1, 0, 15),
(6849, 4502, 5820, 4519, 0, 3, 3, 6, 1, 0, 3),
(6850, 4503, 5834, 4533, 0, 3, 3, 6, 1, 0, 3),
(6851, 4504, 5835, 4534, 0, 15, 3, 6, 1, 0, 15),
(6852, 4505, 5844, 4543, 0, 1, 3, 6, 1, 0, 1),
(6853, 4506, 5843, 4542, 0, 3, 3, 6, 1, 0, 3),
(6854, 4532, 5887, 4586, 3, 0, 3, 6, 1, 3, 0),
(6855, 4507, 5850, 4549, 0, 15, 4, 2, 1, 0, 15),
(6856, 4508, 5851, 4550, 0, 10, 3, 6, 1, 0, 10),
(6857, 4509, 5854, 4553, 0, 15, 5, 2, 1, 0, 15),
(6858, 4534, 5889, 4588, 1, 0, 3, 6, 1, 1, 0),
(6859, 4510, 5849, 4548, 0, 12, 3, 6, 1, 0, 12),
(6860, 4511, 5857, 4556, 0, 10, 3, 6, 1, 0, 10),
(6861, 4526, 5852, 4551, 0, 15, 5, 2, 1, 0, 15),
(6862, 4527, 5794, 5625, 2, 0, 3, 6, 1, 2, 0),
(6863, 4512, 5863, 4562, 1, 0, 3, 6, 1, 1, 0),
(6864, 4513, 5864, 4563, 0, 20, 5, 2, 1, 0, 20),
(6865, 4514, 5873, 4572, 0, 15, 5, 2, 1, 0, 15),
(6866, 4515, 5871, 4570, 0, 1, 3, 6, 1, 0, 1),
(6867, 4516, 5874, 4573, 0, 30, 4, 2, 1, 0, 30),
(6868, 4517, 5875, 4574, 0, 1, 4, 2, 1, 0, 1),
(6869, 4518, 5876, 4575, 0, 2, 4, 2, 1, 0, 2),
(6870, 4519, 5878, 4577, 0, 45, 1, 4, 1, 0, 45),
(6871, 4520, 5881, 4580, 0, 30, 5, 2, 1, 0, 30),
(6872, 4521, 5882, 4581, 0, 30, 5, 2, 1, 0, 30),
(6873, 4522, 5885, 4584, 0, 20, 3, 6, 1, 0, 20),
(6874, 4523, 5883, 4582, 1, 0, 1, 4, 1, 1, 0),
(6875, 4524, 5865, 4564, 1, 0, 3, 6, 1, 1, 0),
(6876, 4525, 5859, 4558, 0, 30, 3, 6, 1, 0, 30),
(6877, 4528, 5799, 5626, 0, 30, 3, 6, 1, 0, 30),
(6878, 4529, 5884, 4583, 0, 1, 3, 6, 1, 0, 1),
(6879, 4530, 5858, 4557, 0, 30, 3, 6, 1, 0, 30),
(6880, 4531, 5856, 4555, 0, 30, 3, 6, 1, 0, 30),
(6881, 4533, 5789, 5627, 1, 0, 3, 6, 1, 1, 0),
(6882, 4537, 5901, 4597, 1, 30, 5, 2, 1, 1, 30),
(6883, 4538, 5902, 4598, 0, 9, 1, 4, 1, 0, 9),
(6884, 4539, 5903, 4599, 0, 10, 4, 2, 1, 0, 10),
(6885, 4540, 5906, 4602, 0, 15, 5, 2, 1, 0, 15),
(6886, 4557, 5918, 4612, 1, 0, 4, 2, 1, 1, 0),
(6887, 4541, 5909, 4604, 0, 15, 3, 6, 1, 0, 15),
(6888, 4542, 5914, 4608, 0, 1, 3, 6, 1, 0, 1),
(6889, 4543, 5917, 4611, 1, 0, 3, 6, 1, 1, 0),
(6890, 4544, 5916, 4610, 0, 30, 3, 6, 1, 0, 30),
(6891, 4548, 5919, 4613, 0, 45, 3, 6, 1, 0, 45),
(6892, 4545, 5886, 4585, 1, 0, 3, 6, 1, 1, 0),
(6893, 4546, 5886, 4585, 1, 0, 3, 6, 1, 1, 0),
(6894, 4547, 5886, 4585, 1, 0, 3, 6, 1, 1, 0),
(6895, 4549, 5921, 4615, 0, 5, 3, 6, 1, 0, 5),
(6896, 4551, 5931, 4620, 2, 0, 3, 6, 1, 2, 0),
(6897, 4552, 5915, 4609, 1, 0, 1, 4, 1, 1, 0),
(6898, 4550, 5911, 4605, 1, 0, 5, 2, 1, 1, 0),
(6899, 4553, 5932, 4621, 0, 10, 3, 6, 1, 0, 10),
(6900, 4554, 5939, 4626, 0, 15, 5, 2, 1, 0, 15),
(6901, 4555, 5940, 4627, 0, 30, 1, 4, 1, 0, 30),
(6902, 4556, 5944, 4630, 0, 30, 4, 2, 1, 0, 30),
(6903, 4558, 5972, 4644, 1, 0, 4, 2, 1, 1, 0),
(6904, 4561, 5975, 4646, 0, 15, 3, 6, 1, 0, 15),
(6905, 4559, 5973, 4645, 1, 0, 5, 2, 1, 1, 0),
(6906, 4562, 5976, 4647, 0, 30, 3, 6, 1, 0, 30),
(6907, 4560, 5978, 4649, 0, 45, 1, 4, 1, 0, 45),
(6908, 4563, 5983, 4654, 0, 10, 5, 2, 1, 0, 10),
(6909, 4564, 5982, 4653, 0, 1, 3, 6, 1, 0, 1),
(6910, 4565, 5979, 4650, 0, 30, 3, 6, 1, 0, 30),
(6911, 4566, 5988, 4659, 0, 1, 3, 6, 1, 0, 1),
(6912, 4567, 5992, 4663, 1, 0, 3, 6, 1, 1, 0),
(6913, 4568, 5995, 4666, 0, 15, 3, 4, 1, 0, 15),
(6914, 4569, 5996, 4667, 1, 0, 3, 6, 1, 1, 0),
(6915, 4570, 5993, 4664, 0, 1, 4, 2, 1, 0, 1),
(6916, 4571, 5994, 4665, 0, 1, 5, 2, 1, 0, 1),
(6917, 4581, 5999, 4670, 1, 0, 3, 6, 1, 1, 0),
(6918, 4572, 6002, 4673, 0, 20, 3, 6, 1, 0, 20),
(6919, 4573, 6001, 4672, 0, 3, 3, 6, 1, 0, 3),
(6920, 4574, 6011, 4680, 0, 15, 1, 4, 1, 0, 15),
(6921, 4575, 6012, 4681, 0, 25, 1, 4, 1, 0, 25),
(6922, 4576, 6013, 4682, 0, 5, 1, 4, 1, 0, 5),
(6923, 4577, 6014, 4683, 0, 1, 3, 6, 1, 0, 1),
(6924, 4578, 6009, 4678, 0, 1, 3, 6, 1, 0, 1),
(6925, 4579, 6016, 4684, 0, 15, 3, 6, 1, 0, 15),
(6926, 4580, 6017, 4685, 0, 2, 3, 6, 1, 0, 2),
(6927, 4582, 5998, 4669, 1, 0, 3, 6, 1, 1, 0),
(6928, 4583, 6019, 4686, 0, 10, 3, 6, 1, 0, 10),
(6929, 4584, 6020, 4687, 0, 10, 3, 6, 1, 0, 10),
(6930, 4585, 6022, 4689, 0, 1, 3, 6, 1, 0, 1),
(6931, 4586, 6024, 4691, 0, 15, 3, 6, 1, 0, 15),
(6932, 4587, 6025, 4692, 0, 10, 3, 4, 1, 0, 10),
(6933, 4588, 6026, 4693, 2, 0, 3, 6, 1, 2, 0),
(6934, 4589, 6023, 4690, 0, 1, 3, 6, 1, 0, 1),
(6935, 4590, 6027, 4694, 0, 14, 3, 6, 1, 0, 14),
(6936, 4591, 6036, 4703, 0, 10, 3, 6, 1, 0, 10),
(6937, 4592, 6037, 4704, 0, 10, 3, 6, 1, 0, 10),
(6938, 4593, 6039, 4706, 0, 30, 3, 6, 1, 0, 30),
(6939, 4594, 6035, 4702, 0, 3, 3, 6, 1, 0, 3),
(6940, 4595, 6040, 4707, 0, 5, 5, 2, 1, 0, 5),
(6941, 4596, 6042, 4709, 0, 15, 1, 4, 1, 0, 15),
(6942, 4603, 6043, 4710, 4, 0, 1, 4, 1, 4, 0),
(6943, 4597, 6045, 4712, 1, 0, 3, 4, 1, 1, 0),
(6944, 4598, 6048, 4715, 0, 30, 3, 6, 1, 0, 30),
(6945, 4601, 6043, 4710, 5, 0, 1, 4, 1, 5, 0),
(6946, 4599, 6057, 4724, 0, 15, 3, 6, 1, 0, 15),
(6947, 4600, 6042, 4709, 0, 5, 1, 4, 1, 0, 5),
(6948, 4610, 6055, 4722, 0, 3, 3, 6, 1, 0, 3),
(6949, 4602, 6043, 4710, 3, 0, 1, 4, 1, 3, 0),
(6950, 4605, 6058, 4725, 1, 0, 3, 6, 1, 1, 0),
(6951, 4606, 6060, 4727, 0, 15, 3, 6, 1, 0, 15),
(6952, 4607, 6059, 4726, 0, 10, 1, 4, 1, 0, 10),
(6953, 4608, 6059, 4726, 0, 15, 1, 4, 1, 0, 15),
(6954, 4609, 6063, 4728, 0, 5, 3, 4, 1, 0, 5),
(6955, 4611, 6081, 4731, 0, 30, 4, 2, 1, 0, 30),
(6956, 4612, 6082, 4732, 0, 15, 3, 6, 1, 0, 15),
(6957, 4613, 6083, 4733, 1, 30, 3, 6, 1, 1, 30),
(6958, 4614, 6087, 4737, 0, 45, 3, 6, 1, 0, 45),
(6959, 4615, 6060, 4727, 1, 0, 3, 6, 1, 1, 0),
(6960, 4616, 6080, 4730, 1, 0, 5, 2, 1, 1, 0),
(6961, 4617, 6086, 4736, 0, 15, 3, 6, 1, 0, 15),
(6962, 4618, 6079, 4729, 0, 5, 3, 6, 1, 0, 5),
(6963, 4619, 6037, 4704, 1, 0, 3, 6, 1, 1, 0),
(6964, 4624, 6080, 4730, 1, 0, 5, 2, 1, 1, 0),
(6965, 4625, 6086, 4736, 0, 30, 3, 6, 1, 0, 30),
(6966, 4620, 6043, 4710, 1, 0, 1, 4, 1, 1, 0),
(6967, 4621, 6088, 4738, 0, 15, 3, 6, 1, 0, 15),
(6968, 4622, 6089, 4739, 1, 0, 3, 6, 1, 1, 0),
(6969, 4623, 6102, 4752, 0, 1, 3, 6, 1, 0, 1),
(6970, 4604, 6043, 4710, 4, 0, 1, 4, 1, 4, 0),
(6971, 4626, 6114, 4764, 0, 5, 3, 6, 1, 0, 5),
(6972, 4627, 6113, 4763, 0, 20, 3, 6, 1, 0, 20),
(6973, 4628, 6121, 4769, 0, 5, 3, 6, 1, 0, 5),
(6974, 4629, 6126, 4774, 2, 0, 3, 6, 1, 2, 0),
(6975, 4630, 6126, 4774, 2, 0, 3, 6, 1, 2, 0),
(6976, 4636, 6111, 4761, 2, 0, 3, 6, 1, 2, 0),
(6977, 4639, 6129, 4777, 0, 45, 3, 6, 1, 0, 45),
(6978, 4631, 6132, 4780, 0, 15, 1, 4, 1, 0, 15),
(6979, 4632, 6112, 4762, 0, 30, 3, 6, 1, 0, 30),
(6980, 4633, 6134, 4782, 0, 20, 3, 6, 1, 0, 20),
(6981, 4634, 6135, 4783, 1, 0, 1, 4, 1, 1, 0),
(6982, 4717, 6090, 4740, 1, 0, 3, 6, 1, 1, 0),
(6983, 4640, 6105, 4755, 3, 0, 3, 6, 1, 3, 0),
(6984, 4641, 6086, 4736, 0, 15, 3, 6, 1, 0, 15),
(6985, 4642, 6090, 4740, 1, 0, 3, 6, 1, 1, 0),
(6986, 4635, 6133, 4781, 0, 15, 3, 6, 1, 0, 15),
(6987, 4637, 6138, 4786, 0, 10, 3, 6, 1, 0, 10),
(6988, 4638, 6128, 4776, 0, 15, 5, 2, 1, 0, 15),
(6989, 4650, 6140, 4788, 2, 0, 3, 6, 1, 2, 0),
(6990, 4643, 6143, 4791, 2, 0, 3, 6, 1, 2, 0),
(6991, 4644, 6084, 4734, 0, 45, 3, 6, 1, 0, 45),
(6992, 4651, 6129, 4777, 1, 0, 3, 6, 1, 1, 0),
(6993, 4655, 6159, 4806, 2, 30, 3, 6, 1, 2, 30),
(6994, 4645, 6149, 4797, 0, 14, 3, 6, 1, 0, 14),
(6995, 4657, 6159, 4806, 1, 0, 3, 6, 1, 1, 0),
(6996, 4646, 6150, 4798, 0, 1, 3, 6, 1, 0, 1),
(6997, 4647, 6110, 4760, 0, 15, 3, 6, 1, 0, 15),
(6998, 4648, 6152, 4800, 0, 10, 3, 6, 1, 0, 10),
(6999, 4649, 6151, 4799, 0, 20, 3, 6, 1, 0, 20),
(7000, 4656, 6159, 4806, 2, 0, 3, 6, 1, 2, 0),
(7001, 4652, 6156, 4803, 0, 10, 3, 6, 1, 0, 10),
(7002, 4653, 6157, 4804, 0, 10, 3, 6, 1, 0, 10),
(7003, 4654, 6129, 4777, 0, 30, 3, 6, 1, 0, 30),
(7004, 4658, 6173, 4820, 0, 15, 4, 2, 1, 0, 15),
(7005, 4659, 6171, 4818, 0, 3, 3, 6, 1, 0, 3),
(7006, 4660, 6175, 4822, 0, 8, 3, 6, 1, 0, 8),
(7007, 4661, 6137, 4785, 0, 7, 3, 6, 1, 0, 7),
(7008, 4662, 6159, 4806, 2, 30, 3, 6, 1, 2, 30),
(7009, 4664, 6184, 4827, 0, 15, 3, 6, 1, 0, 15),
(7010, 4709, 6185, 4828, 1, 0, 3, 6, 1, 1, 0),
(7011, 4710, 6153, 4801, 1, 0, 1, 4, 1, 1, 0),
(7012, 4663, 6188, 4831, 0, 13, 3, 6, 1, 0, 13),
(7013, 4665, 6190, 4833, 0, 45, 3, 6, 1, 0, 45),
(7014, 4666, 6186, 4829, 0, 1, 3, 6, 1, 0, 1),
(7015, 4667, 6191, 4834, 0, 11, 1, 4, 1, 0, 11),
(7016, 4668, 6193, 4836, 0, 4, 3, 6, 1, 0, 4),
(7017, 4669, 6194, 4837, 0, 10, 3, 6, 1, 0, 10),
(7018, 4670, 6209, 4852, 0, 10, 3, 6, 2, 0, 10),
(7019, 4671, 6212, 4855, 0, 15, 4, 2, 1, 0, 15),
(7020, 4672, 6213, 4856, 0, 20, 5, 2, 1, 0, 20),
(7021, 4673, 6215, 4858, 0, 9, 3, 6, 1, 0, 9),
(7022, 4674, 6210, 4853, 0, 4, 3, 6, 1, 0, 4),
(7023, 4675, 6221, 4864, 0, 20, 3, 6, 1, 0, 20),
(7024, 4676, 6223, 4866, 0, 20, 3, 6, 1, 0, 20),
(7025, 4677, 6222, 4865, 0, 20, 3, 6, 1, 0, 20),
(7026, 4678, 6235, 4878, 0, 1, 3, 6, 1, 0, 1),
(7027, 4679, 6224, 4867, 0, 1, 3, 6, 1, 0, 1),
(7028, 4711, 6236, 4879, 1, 0, 3, 6, 1, 1, 0),
(7029, 4680, 6239, 4882, 0, 1, 3, 6, 1, 0, 1),
(7030, 4681, 6240, 4883, 0, 15, 3, 6, 1, 0, 15),
(7031, 4682, 6240, 4883, 0, 15, 3, 6, 1, 0, 15),
(7032, 4683, 6244, 4886, 0, 2, 3, 6, 1, 0, 2),
(7033, 4687, 6234, 4877, 0, 5, 3, 6, 1, 0, 5),
(7034, 4684, 6248, 4890, 0, 14, 3, 6, 1, 0, 14),
(7035, 4708, 6246, 4888, 0, 30, 1, 4, 1, 0, 30),
(7036, 4685, 6258, 4899, 0, 4, 3, 6, 1, 0, 4),
(7037, 4686, 6259, 4900, 0, 15, 4, 2, 1, 0, 15),
(7038, 4688, 6257, 4898, 0, 2, 3, 6, 1, 0, 2),
(7039, 4689, 6252, 4894, 0, 2, 3, 6, 1, 0, 2),
(7040, 4690, 6262, 4903, 0, 8, 3, 6, 1, 0, 8),
(7041, 4691, 6268, 4908, 0, 2, 3, 6, 1, 0, 2),
(7042, 4692, 6277, 4915, 0, 1, 3, 6, 1, 0, 1),
(7043, 4694, 6279, 4917, 0, 45, 3, 6, 1, 0, 45),
(7044, 4693, 6280, 4918, 1, 0, 3, 6, 1, 1, 0),
(7045, 4695, 6275, 4914, 0, 5, 3, 6, 1, 0, 5),
(7046, 4696, 6284, 4922, 0, 10, 3, 6, 1, 0, 10),
(7047, 4697, 6285, 4923, 0, 45, 3, 6, 1, 0, 45),
(7048, 4707, 6278, 4916, 0, 30, 3, 6, 1, 0, 30),
(7049, 4698, 6287, 4925, 0, 45, 5, 2, 1, 0, 45),
(7050, 4700, 6288, 4926, 0, 2, 4, 2, 1, 0, 2),
(7051, 4699, 6290, 4928, 0, 3, 3, 6, 1, 0, 3),
(7052, 4701, 6289, 4927, 0, 20, 4, 2, 1, 0, 20),
(7053, 4702, 6289, 4927, 0, 10, 4, 2, 1, 0, 10),
(7054, 4703, 6292, 4930, 1, 30, 3, 6, 1, 1, 30),
(7055, 4704, 6293, 4931, 1, 15, 3, 6, 1, 1, 15),
(7056, 4705, 6174, 4821, 0, 15, 3, 6, 1, 0, 15),
(7057, 4714, 6309, 4939, 1, 0, 3, 6, 1, 1, 0),
(7058, 4706, 6297, 4935, 0, 14, 3, 6, 1, 0, 14),
(7059, 4712, 6298, 4936, 0, 30, 3, 6, 1, 0, 30),
(7060, 4713, 6308, 4938, 0, 15, 3, 6, 1, 0, 15),
(7061, 4718, 6323, 4951, 0, 30, 3, 4, 1, 0, 30),
(7062, 4715, 6310, 4940, 0, 5, 4, 2, 1, 0, 5),
(7063, 4716, 6311, 4941, 2, 30, 4, 2, 1, 2, 30),
(7064, 4719, 6324, 4952, 0, 30, 3, 6, 1, 0, 30),
(7065, 4720, 6325, 4953, 0, 30, 3, 6, 1, 0, 30),
(7066, 4721, 6322, 4950, 0, 45, 3, 6, 1, 0, 45),
(7067, 4722, 6329, 4957, 0, 15, 3, 6, 1, 0, 15),
(7068, 4728, 6322, 4950, 2, 0, 3, 6, 1, 2, 0),
(7069, 4723, 6319, 4947, 0, 2, 3, 6, 1, 0, 2),
(7070, 4724, 6332, 4960, 0, 15, 3, 6, 1, 0, 15),
(7071, 4725, 6332, 4960, 1, 0, 3, 6, 1, 1, 0),
(7072, 4730, 6313, 4943, 1, 0, 3, 6, 1, 1, 0),
(7073, 4726, 6334, 4962, 1, 0, 3, 6, 1, 1, 0),
(7074, 4727, 6333, 4961, 0, 45, 3, 6, 1, 0, 45),
(7075, 4729, 6332, 4960, 2, 30, 3, 6, 1, 2, 30),
(7076, 4742, 6294, 4932, 2, 0, 3, 6, 1, 2, 0),
(7077, 4731, 6322, 4950, 2, 0, 3, 6, 1, 2, 0),
(7078, 4732, 6338, 4966, 1, 0, 5, 2, 1, 1, 0),
(7079, 4752, 6296, 4934, 1, 0, 3, 6, 1, 1, 0),
(7080, 4740, 6242, 4884, 2, 0, 3, 4, 1, 2, 0),
(7081, 4741, 6336, 4964, 0, 30, 3, 6, 1, 0, 30),
(7082, 4739, 6351, 4973, 1, 30, 3, 6, 1, 1, 30),
(7083, 4733, 6343, 4971, 0, 5, 5, 2, 1, 0, 5),
(7084, 4734, 6342, 4970, 0, 1, 3, 6, 1, 0, 1),
(7085, 4735, 6350, 4972, 0, 13, 3, 4, 1, 0, 13),
(7086, 4736, 6340, 4968, 0, 6, 5, 2, 1, 0, 6),
(7087, 4737, 6338, 4966, 0, 10, 5, 2, 1, 0, 10),
(7088, 4738, 6341, 4969, 0, 10, 5, 2, 1, 0, 10),
(7089, 4743, 6356, 4978, 0, 5, 3, 6, 1, 0, 5),
(7090, 4744, 6341, 4969, 0, 3, 5, 2, 1, 0, 3),
(7091, 4747, 6361, 4983, 2, 0, 3, 6, 1, 2, 0),
(7092, 4745, 6357, 4979, 0, 5, 3, 6, 1, 0, 5),
(7093, 4746, 6358, 4980, 0, 30, 3, 6, 1, 0, 30),
(7094, 4751, 6337, 4965, 0, 15, 5, 2, 1, 0, 15),
(7095, 4748, 6359, 4981, 0, 1, 4, 2, 1, 0, 1),
(7096, 4749, 6360, 4982, 0, 1, 3, 6, 1, 0, 1),
(7097, 4750, 6362, 4984, 2, 0, 3, 6, 1, 2, 0),
(7098, 4753, 6352, 4974, 0, 5, 3, 6, 1, 0, 5),
(7099, 4754, 6364, 4986, 1, 20, 3, 6, 1, 1, 20),
(7100, 4755, 6371, 4992, 0, 45, 1, 4, 1, 0, 45),
(7101, 4756, 6368, 4989, 0, 30, 1, 4, 1, 0, 30),
(7102, 4757, 6383, 5004, 1, 0, 5, 2, 1, 1, 0),
(7103, 4758, 6385, 5006, 1, 0, 3, 6, 1, 1, 0),
(7104, 4759, 6373, 4994, 0, 1, 3, 6, 1, 0, 1),
(7105, 4760, 6366, 4987, 0, 3, 5, 2, 1, 0, 3),
(7106, 4761, 6375, 4996, 0, 9, 3, 6, 1, 0, 9),
(7107, 4762, 6381, 5002, 0, 3, 3, 6, 1, 0, 3),
(7108, 4763, 6386, 5007, 0, 10, 3, 6, 1, 0, 10),
(7109, 4764, 6400, 5017, 0, 20, 3, 6, 1, 0, 20),
(7110, 4776, 6367, 4988, 0, 15, 4, 2, 1, 0, 15),
(7111, 4777, 6372, 4993, 1, 30, 5, 2, 1, 1, 30),
(7112, 4765, 6412, 5029, 0, 20, 5, 2, 1, 0, 20),
(7113, 4766, 6415, 5032, 0, 30, 3, 6, 1, 0, 30),
(7114, 4767, 6416, 5033, 0, 10, 4, 2, 1, 0, 10),
(7115, 4768, 6417, 5034, 0, 15, 4, 2, 1, 0, 15),
(7116, 4769, 6413, 5030, 0, 5, 3, 6, 1, 0, 5),
(7117, 4770, 6411, 5028, 0, 20, 3, 6, 1, 0, 20),
(7118, 4771, 6422, 5039, 0, 20, 3, 6, 1, 0, 20),
(7119, 4772, 6415, 5032, 1, 0, 3, 6, 1, 1, 0),
(7120, 4773, 6421, 5038, 0, 30, 4, 2, 1, 0, 30),
(7121, 4774, 6420, 5037, 0, 30, 3, 6, 1, 0, 30),
(7122, 4775, 6414, 5031, 1, 30, 3, 6, 1, 1, 30),
(7123, 4778, 6363, 4985, 0, 15, 3, 6, 1, 0, 15),
(7124, 4805, 6447, 5060, 0, 30, 1, 4, 1, 0, 30),
(7125, 4779, 6428, 5042, 0, 9, 3, 6, 1, 0, 9),
(7126, 4780, 6431, 5045, 0, 6, 3, 6, 1, 0, 6),
(7127, 4781, 6432, 5046, 0, 6, 3, 6, 1, 0, 6),
(7128, 4782, 6433, 5047, 0, 19, 3, 6, 1, 0, 19),
(7129, 4783, 6433, 5047, 0, 5, 3, 6, 1, 0, 5),
(7130, 4785, 6434, 5048, 0, 30, 3, 6, 1, 0, 30),
(7131, 4784, 6414, 5031, 0, 30, 3, 6, 1, 0, 30),
(7132, 4786, 6437, 5051, 0, 32, 3, 6, 1, 0, 32),
(7133, 4787, 6438, 5052, 0, 20, 3, 6, 1, 0, 20),
(7134, 4788, 6439, 5053, 1, 0, 5, 2, 1, 1, 0),
(7135, 4789, 6440, 5054, 0, 40, 3, 6, 1, 0, 40),
(7136, 4790, 6426, 5040, 0, 7, 3, 6, 1, 0, 7),
(7137, 4791, 6441, 5055, 0, 40, 3, 6, 1, 0, 40),
(7138, 4800, 6435, 5049, 2, 30, 3, 6, 1, 2, 30),
(7139, 4792, 6448, 5061, 0, 5, 5, 2, 1, 0, 5),
(7140, 4793, 6445, 5058, 0, 5, 3, 6, 1, 0, 5),
(7141, 4794, 6430, 5044, 0, 5, 3, 6, 1, 0, 5),
(7142, 4795, 6449, 5062, 0, 10, 4, 2, 1, 0, 10),
(7143, 4796, 6449, 5062, 0, 10, 4, 2, 1, 0, 10),
(7144, 4797, 6295, 4933, 0, 30, 3, 6, 1, 0, 30),
(7145, 4798, 6450, 5063, 0, 30, 3, 6, 1, 0, 30),
(7146, 4799, 6419, 5036, 2, 20, 3, 6, 1, 2, 20),
(7147, 4815, 6458, 5071, 0, 10, 3, 6, 1, 0, 10),
(7148, 4806, 6447, 5060, 1, 30, 1, 4, 1, 1, 30),
(7149, 4801, 6457, 5070, 0, 10, 4, 2, 1, 0, 10),
(7150, 4802, 6435, 5049, 1, 0, 3, 6, 1, 1, 0),
(7151, 4803, 6455, 5068, 0, 2, 3, 6, 1, 0, 2),
(7152, 4804, 6461, 5074, 1, 0, 3, 6, 1, 1, 0),
(7153, 4816, 6475, 5087, 1, 0, 4, 2, 1, 1, 0),
(7154, 4807, 6459, 5072, 0, 15, 3, 6, 1, 0, 15),
(7155, 4808, 6467, 5079, 0, 40, 4, 2, 1, 0, 40),
(7156, 4809, 6466, 5078, 0, 1, 3, 6, 1, 0, 1),
(7157, 4810, 6469, 5081, 0, 25, 3, 6, 1, 0, 25),
(7158, 4811, 6419, 5036, 1, 30, 3, 6, 1, 1, 30),
(7159, 4812, 6472, 5084, 0, 5, 3, 4, 1, 0, 5),
(7160, 4813, 6471, 5083, 0, 30, 3, 6, 1, 0, 30),
(7161, 4814, 6435, 5049, 0, 30, 3, 6, 1, 0, 30),
(7162, 4817, 6490, 5100, 0, 35, 3, 6, 1, 0, 35),
(7163, 4818, 6494, 5104, 0, 15, 3, 6, 1, 0, 15),
(7164, 4819, 6492, 5102, 0, 20, 3, 6, 1, 0, 20),
(7165, 4820, 6493, 5103, 2, 30, 3, 6, 1, 2, 30),
(7166, 4821, 6460, 5073, 1, 0, 4, 2, 1, 1, 0),
(7167, 4822, 6481, 5091, 0, 3, 3, 6, 1, 0, 3),
(7168, 4823, 6486, 5096, 0, 12, 3, 6, 1, 0, 12),
(7169, 4825, 6495, 5105, 0, 1, 3, 6, 1, 0, 1),
(7170, 4824, 6496, 5106, 0, 50, 3, 6, 1, 0, 50),
(7171, 4826, 6497, 5107, 1, 0, 3, 6, 1, 1, 0),
(7172, 4827, 6498, 5108, 0, 30, 3, 6, 1, 0, 30),
(7173, 4828, 6499, 5109, 0, 15, 4, 2, 1, 0, 15),
(7174, 4829, 6369, 4990, 1, 45, 3, 6, 1, 1, 45),
(7175, 4830, 6468, 5080, 0, 30, 3, 6, 1, 0, 30),
(7176, 4831, 6498, 5108, 1, 30, 3, 6, 1, 1, 30),
(7177, 4832, 6498, 5108, 0, 30, 3, 6, 1, 0, 30),
(7178, 4833, 6456, 5069, 1, 0, 3, 6, 1, 1, 0),
(7179, 4834, 6506, 5116, 0, 1, 3, 6, 1, 0, 1),
(7180, 4835, 6519, 5128, 1, 30, 3, 6, 1, 1, 30),
(7181, 4836, 6518, 5127, 4, 0, 3, 6, 1, 4, 0),
(7182, 4837, 6529, 5137, 0, 15, 3, 6, 1, 0, 15),
(7183, 4838, 6530, 5138, 0, 5, 3, 6, 1, 0, 5),
(7184, 4839, 6528, 5136, 0, 25, 3, 6, 1, 0, 25),
(7185, 4840, 6518, 5127, 3, 30, 3, 6, 1, 3, 30),
(7186, 4841, 6498, 5108, 0, 30, 3, 6, 1, 0, 30),
(7187, 4842, 6535, 5142, 0, 45, 1, 4, 1, 0, 45),
(7188, 4847, 6538, 5145, 10, 0, 4, 2, 1, 10, 0),
(7189, 4843, 6498, 5108, 2, 0, 3, 6, 1, 2, 0),
(7190, 4848, 6538, 5145, 5, 0, 4, 2, 1, 5, 0),
(7191, 4849, 6500, 5110, 0, 5, 3, 6, 1, 0, 5),
(7192, 4850, 6544, 5150, 0, 45, 3, 6, 1, 0, 45),
(7193, 4851, 6540, 5147, 0, 15, 3, 6, 1, 0, 15),
(7194, 4852, 6541, 5148, 1, 0, 3, 6, 1, 1, 0),
(7195, 4853, 6547, 5152, 0, 45, 3, 6, 1, 0, 45),
(7196, 4854, 6547, 5152, 3, 21, 3, 6, 1, 3, 21),
(7197, 4855, 6557, 5162, 0, 12, 4, 2, 1, 0, 12),
(7198, 4856, 6554, 5159, 0, 3, 3, 6, 1, 0, 3),
(7199, 4857, 6559, 5164, 0, 1, 3, 6, 1, 0, 1),
(7200, 4858, 6551, 5156, 0, 7, 3, 6, 1, 0, 7),
(7201, 4859, 6563, 5168, 2, 0, 3, 6, 1, 2, 0),
(7202, 4860, 6531, 5139, 0, 30, 3, 6, 1, 0, 30),
(7203, 4861, 6539, 5146, 1, 0, 3, 6, 1, 1, 0),
(7204, 4862, 6570, 5175, 0, 10, 3, 6, 1, 0, 10),
(7205, 4865, 6566, 5171, 3, 5, 3, 6, 1, 3, 5),
(7206, 4863, 6571, 5176, 0, 30, 4, 2, 1, 0, 30),
(7207, 4864, 6572, 5177, 0, 13, 4, 2, 1, 0, 13),
(7208, 4866, 6568, 5173, 3, 30, 3, 6, 1, 3, 30),
(7209, 4867, 6569, 5174, 1, 0, 4, 2, 1, 1, 0),
(7210, 4868, 6563, 5168, 4, 30, 3, 6, 1, 4, 30),
(7211, 4869, 6573, 5178, 0, 30, 4, 2, 1, 0, 30),
(7212, 4870, 6575, 5179, 0, 30, 7, 7, 7, 0, 30),
(7213, 4871, 6578, 5182, 0, 9, 3, 6, 1, 0, 9),
(7214, 4872, 6563, 5168, 3, 30, 3, 6, 1, 3, 30),
(7215, 4873, 6586, 5190, 0, 10, 6, 6, 9, 0, 10),
(7216, 4874, 6586, 5190, 0, 15, 6, 6, 9, 0, 15),
(7217, 4876, 6583, 5187, 0, 3, 3, 6, 1, 0, 3),
(7218, 4875, 6586, 5190, 0, 12, 6, 6, 9, 0, 12),
(7219, 4877, 6582, 5186, 0, 9, 3, 6, 1, 0, 9),
(7220, 4878, 6587, 5191, 1, 25, 3, 6, 1, 1, 25),
(7221, 4879, 6587, 5191, 0, 20, 3, 6, 1, 0, 20),
(7222, 4880, 6585, 5189, 3, 45, 3, 6, 1, 3, 45),
(7223, 4881, 6591, 5195, 0, 10, 3, 6, 1, 0, 10),
(7224, 4882, 6589, 5193, 0, 30, 1, 4, 1, 0, 30),
(7225, 4883, 6538, 5145, 3, 0, 4, 2, 1, 3, 0),
(7226, 4884, 6588, 5192, 0, 30, 5, 2, 1, 0, 30),
(7227, 4885, 6599, 5201, 0, 4, 3, 6, 1, 0, 4),
(7228, 4886, 6542, 5149, 7, 0, 7, 7, 7, 7, 0),
(7229, 4887, 6607, 5208, 0, 12, 7, 7, 7, 0, 12),
(7230, 4888, 6607, 5208, 0, 15, 5, 2, 1, 0, 15),
(7231, 4889, 6611, 5212, 0, 45, 7, 7, 7, 0, 45),
(7232, 4890, 6592, 5196, 0, 10, 3, 6, 1, 0, 10),
(7233, 4902, 6642, 5241, 0, 14, 3, 6, 1, 0, 14),
(7234, 4891, 6619, 5220, 1, 0, 3, 6, 1, 1, 0),
(7235, 4892, 6620, 5221, 1, 0, 3, 6, 1, 1, 0),
(7236, 4894, 6617, 5218, 0, 30, 1, 4, 1, 0, 30),
(7237, 4893, 6617, 5218, 1, 30, 1, 4, 1, 1, 30),
(7238, 4895, 6610, 5211, 1, 0, 3, 6, 1, 1, 0),
(7239, 4896, 6621, 5222, 1, 20, 3, 6, 1, 1, 20),
(7240, 4900, 6638, 5238, 1, 30, 3, 6, 1, 1, 30),
(7241, 4897, 6625, 5226, 0, 15, 3, 6, 1, 0, 15),
(7242, 4898, 6622, 5223, 0, 45, 3, 6, 1, 0, 45),
(7243, 4908, 6645, 5244, 1, 0, 3, 6, 1, 1, 0),
(7244, 4910, 6623, 5224, 0, 10, 1, 4, 1, 0, 10),
(7245, 4899, 6627, 5227, 0, 10, 1, 4, 1, 0, 10),
(7246, 4901, 6640, 5240, 0, 10, 5, 2, 1, 0, 10),
(7247, 4903, 6635, 5235, 0, 3, 3, 6, 1, 0, 3),
(7248, 4904, 6612, 5213, 0, 1, 3, 6, 1, 0, 1),
(7249, 4905, 6614, 5215, 0, 9, 3, 6, 1, 0, 9),
(7250, 4906, 6643, 5242, 0, 25, 3, 6, 1, 0, 25),
(7251, 4907, 6644, 5243, 1, 15, 3, 6, 1, 1, 15),
(7252, 4909, 6620, 5221, 0, 10, 3, 6, 1, 0, 10),
(7253, 4911, 6647, 5245, 7, 39, 3, 6, 1, 7, 39),
(7254, 4912, 6648, 5246, 1, 0, 3, 6, 1, 1, 0),
(7255, 4913, 6637, 5237, 0, 15, 1, 4, 1, 0, 15),
(7256, 4914, 6658, 5253, 0, 10, 3, 6, 1, 0, 10),
(7257, 4915, 6654, 5249, 0, 14, 3, 6, 1, 0, 14),
(7258, 4916, 6659, 5254, 0, 10, 4, 2, 1, 0, 10),
(7259, 4921, 6656, 5251, 1, 30, 1, 4, 1, 1, 30),
(7260, 4917, 6661, 5256, 0, 10, 3, 6, 1, 0, 10),
(7261, 4918, 6639, 5239, 1, 30, 3, 6, 1, 1, 30),
(7262, 4919, 6666, 5260, 0, 45, 1, 4, 1, 0, 45),
(7263, 4920, 6664, 5258, 4, 0, 3, 4, 1, 4, 0),
(7264, 4922, 6659, 5254, 2, 45, 4, 2, 1, 2, 45),
(7265, 4923, 6663, 5257, 0, 15, 1, 4, 1, 0, 15),
(7266, 4924, 6675, 5266, 1, 15, 1, 2, 9, 1, 15),
(7267, 4927, 6669, 5262, 0, 7, 3, 6, 1, 0, 7),
(7268, 4925, 6675, 5266, 0, 25, 5, 2, 1, 0, 25),
(7269, 4926, 6675, 5266, 0, 15, 5, 2, 1, 0, 15),
(7270, 4928, 6675, 5266, 0, 30, 5, 2, 1, 0, 30),
(7271, 4929, 6677, 5268, 1, 30, 1, 4, 1, 1, 30),
(7272, 4930, 6670, 5263, 2, 0, 3, 6, 1, 2, 0),
(7273, 4931, 6684, 5274, 0, 20, 5, 2, 1, 0, 20),
(7274, 4932, 6682, 5272, 0, 3, 4, 2, 1, 0, 3),
(7275, 4933, 6678, 5269, 0, 1, 3, 6, 1, 0, 1),
(7276, 4934, 6681, 5271, 0, 8, 3, 6, 1, 0, 8),
(7277, 4935, 6683, 5273, 2, 0, 3, 6, 1, 2, 0),
(7278, 4936, 6686, 5276, 0, 45, 3, 6, 1, 0, 45),
(7279, 4937, 6685, 5275, 0, 30, 3, 6, 1, 0, 30),
(7280, 4938, 6689, 5279, 0, 45, 4, 2, 1, 0, 45),
(7281, 4939, 6685, 5275, 0, 25, 3, 6, 1, 0, 25),
(7282, 4940, 6687, 5277, 2, 0, 3, 6, 1, 2, 0),
(7283, 4941, 6295, 4933, 0, 30, 3, 6, 1, 0, 30),
(7284, 4942, 6692, 5282, 0, 10, 3, 6, 1, 0, 10),
(7285, 4943, 6694, 5283, 0, 10, 3, 6, 1, 0, 10),
(7286, 4944, 6695, 5284, 0, 50, 3, 6, 1, 0, 50),
(7287, 4945, 6696, 5285, 0, 45, 3, 6, 1, 0, 45),
(7288, 4946, 6542, 5149, 2, 0, 3, 6, 1, 2, 0),
(7289, 4947, 6695, 5284, 0, 20, 3, 6, 1, 0, 20),
(7290, 4948, 6703, 5292, 0, 1, 3, 6, 1, 0, 1),
(7291, 4949, 6717, 5303, 0, 17, 3, 6, 1, 0, 17),
(7292, 4950, 6710, 5297, 0, 7, 3, 6, 1, 0, 7),
(7293, 4952, 6709, 5296, 0, 12, 3, 6, 1, 0, 12),
(7294, 4951, 6720, 5304, 0, 45, 3, 6, 1, 0, 45),
(7295, 4953, 6695, 5284, 0, 15, 3, 6, 1, 0, 15),
(7296, 4954, 6723, 5307, 0, 45, 4, 2, 1, 0, 45),
(7297, 4955, 6538, 5145, 3, 0, 4, 2, 1, 3, 0),
(7298, 4956, 6722, 5306, 1, 0, 3, 6, 1, 1, 0),
(7299, 4957, 6723, 5307, 1, 0, 4, 2, 1, 1, 0),
(7300, 4958, 6724, 5308, 0, 7, 3, 6, 1, 0, 7),
(7301, 4959, 6736, 5318, 0, 1, 3, 6, 1, 0, 1),
(7302, 4960, 6726, 5310, 0, 25, 4, 2, 1, 0, 25),
(7303, 4961, 6737, 5319, 1, 0, 3, 6, 1, 1, 0),
(7304, 4962, 6691, 5281, 3, 30, 4, 2, 1, 3, 30),
(7305, 4963, 6725, 5309, 2, 30, 3, 6, 1, 2, 30),
(7306, 4965, 6750, 5330, 2, 0, 3, 6, 1, 2, 0),
(7307, 4964, 6749, 5329, 0, 1, 3, 6, 1, 0, 1),
(7308, 4966, 6754, 5334, 0, 30, 3, 6, 1, 0, 30),
(7309, 4967, 6752, 5332, 0, 30, 3, 6, 1, 0, 30),
(7310, 4968, 6538, 5145, 1, 0, 4, 2, 1, 1, 0),
(7311, 4969, 6755, 5335, 0, 30, 3, 6, 1, 0, 30),
(7312, 4970, 6756, 5336, 0, 10, 4, 2, 1, 0, 10),
(7313, 4971, 6757, 5337, 0, 9, 3, 6, 1, 0, 9),
(7314, 4972, 6758, 5338, 0, 1, 3, 6, 1, 0, 1),
(7315, 4978, 6767, 5347, 4, 0, 3, 6, 1, 4, 0),
(7316, 4973, 6759, 5339, 0, 1, 3, 6, 1, 0, 1),
(7317, 4974, 6752, 5332, 0, 45, 7, 7, 7, 0, 45),
(7318, 4975, 6760, 5340, 0, 45, 3, 6, 1, 0, 45),
(7319, 4976, 6761, 5341, 0, 1, 3, 6, 1, 0, 1),
(7320, 4977, 6657, 5252, 0, 10, 4, 2, 1, 0, 10),
(7321, 4979, 6768, 5348, 0, 30, 3, 6, 1, 0, 30),
(7322, 4980, 6762, 5342, 1, 0, 3, 6, 1, 1, 0),
(7323, 4981, 6774, 5354, 0, 15, 4, 2, 1, 0, 15),
(7324, 4982, 6763, 5343, 0, 1, 3, 6, 1, 0, 1),
(7325, 4983, 6769, 5349, 0, 30, 5, 2, 1, 0, 30),
(7326, 4984, 6772, 5352, 0, 30, 5, 2, 1, 0, 30),
(7327, 4985, 6772, 5352, 0, 30, 5, 2, 1, 0, 30),
(7328, 4986, 6769, 5349, 0, 15, 5, 2, 1, 0, 15),
(7329, 4987, 6775, 5355, 0, 9, 3, 6, 1, 0, 9),
(7330, 4988, 6773, 5353, 0, 15, 4, 2, 1, 0, 15),
(7331, 4989, 6771, 5351, 0, 25, 4, 2, 1, 0, 25),
(7332, 4990, 6770, 5350, 0, 15, 5, 2, 1, 0, 15),
(7333, 4991, 6770, 5350, 0, 45, 5, 2, 1, 0, 45),
(7334, 4992, 6776, 5356, 0, 30, 3, 6, 1, 0, 30),
(7335, 4993, 6777, 5357, 0, 30, 3, 6, 1, 0, 30),
(7336, 4994, 6538, 5145, 2, 0, 4, 2, 1, 2, 0),
(7337, 4995, 6779, 5359, 0, 10, 3, 6, 1, 0, 10),
(7338, 4996, 6778, 5358, 1, 30, 3, 6, 1, 1, 30),
(7339, 4997, 6780, 5360, 0, 10, 3, 6, 1, 0, 10),
(7340, 4998, 6781, 5361, 1, 30, 5, 2, 1, 1, 30),
(7341, 4999, 6781, 5361, 0, 10, 5, 2, 1, 0, 10),
(7342, 5000, 6791, 5371, 1, 0, 4, 2, 1, 1, 0),
(7343, 5001, 6792, 5372, 0, 45, 5, 2, 1, 0, 45),
(7344, 5002, 6793, 5373, 0, 41, 5, 2, 1, 0, 41),
(7345, 5003, 6788, 5368, 0, 9, 3, 6, 1, 0, 9),
(7346, 5004, 6801, 5379, 0, 1, 4, 2, 1, 0, 1),
(7347, 5005, 6800, 5378, 0, 1, 5, 2, 1, 0, 1),
(7348, 5006, 6804, 5382, 0, 15, 3, 6, 1, 0, 15),
(7349, 5007, 6802, 5380, 1, 30, 3, 6, 1, 1, 30),
(7350, 5008, 6810, 5387, 1, 0, 3, 6, 1, 1, 0),
(7351, 5009, 6814, 5391, 0, 15, 1, 4, 1, 0, 15),
(7352, 5010, 6813, 5390, 0, 10, 3, 6, 1, 0, 10),
(7353, 5011, 6812, 5389, 0, 13, 3, 6, 1, 0, 13),
(7354, 5012, 6817, 5393, 0, 20, 5, 2, 1, 0, 20),
(7355, 5013, 6816, 5392, 0, 30, 5, 2, 1, 0, 30),
(7356, 5014, 6811, 5388, 0, 1, 3, 6, 1, 0, 1),
(7357, 5015, 6819, 5395, 1, 0, 4, 2, 1, 1, 0),
(7358, 5016, 6818, 5394, 0, 5, 4, 2, 1, 0, 5),
(7359, 5017, 6820, 5396, 0, 30, 3, 6, 1, 0, 30),
(7360, 5018, 6830, 5406, 0, 5, 3, 6, 1, 0, 5),
(7361, 5019, 6829, 5405, 0, 1, 3, 6, 1, 0, 1),
(7362, 5020, 6826, 5402, 0, 1, 5, 2, 1, 0, 1),
(7363, 5021, 6825, 5401, 0, 1, 3, 6, 1, 0, 1),
(7364, 5022, 6822, 5398, 0, 5, 3, 6, 1, 0, 5),
(7365, 5023, 6823, 5399, 0, 8, 3, 6, 1, 0, 8),
(7366, 5026, 6690, 5280, 1, 0, 1, 4, 1, 1, 0),
(7367, 5024, 6831, 5407, 2, 0, 5, 2, 1, 2, 0),
(7368, 5034, 6834, 5410, 0, 11, 3, 6, 1, 0, 11),
(7369, 5025, 6813, 5390, 1, 30, 3, 6, 1, 1, 30),
(7370, 5027, 6837, 5412, 0, 30, 5, 2, 1, 0, 30),
(7371, 5041, 6842, 5416, 2, 0, 4, 2, 1, 2, 0),
(7372, 5044, 6690, 5280, 1, 30, 1, 4, 1, 1, 30),
(7373, 5028, 6843, 5417, 0, 0, 1, 4, 1, 0, 0),
(7374, 5029, 6843, 5417, 0, 30, 1, 4, 1, 0, 30),
(7375, 5030, 6853, 5424, 0, 5, 3, 6, 1, 0, 5),
(7376, 5033, 6843, 5417, 0, 58, 1, 4, 1, 0, 58),
(7377, 5031, 6854, 5425, 0, 50, 3, 6, 1, 0, 50),
(7378, 5032, 6855, 5426, 0, 20, 3, 6, 1, 0, 20),
(7379, 5039, 6856, 5427, 0, 30, 5, 2, 1, 0, 30),
(7380, 5040, 6840, 5414, 0, 30, 3, 6, 1, 0, 30),
(7381, 5043, 6866, 5437, 2, 0, 4, 2, 1, 2, 0),
(7382, 5035, 6858, 5429, 0, 4, 1, 4, 1, 0, 4),
(7383, 5036, 6857, 5428, 0, 1, 3, 6, 1, 0, 1),
(7384, 5045, 6861, 5432, 0, 50, 4, 2, 1, 0, 50),
(7385, 5037, 6859, 5430, 0, 51, 5, 2, 1, 0, 51),
(7386, 5038, 6841, 5415, 3, 0, 3, 6, 1, 3, 0),
(7387, 5042, 6865, 5436, 2, 0, 4, 2, 1, 2, 0),
(7388, 5046, 6868, 5439, 0, 5, 3, 6, 1, 0, 5),
(7389, 5047, 6869, 5440, 0, 30, 5, 2, 1, 0, 30),
(7390, 5048, 6870, 5441, 0, 45, 5, 2, 1, 0, 45),
(7391, 5049, 6867, 5438, 2, 0, 4, 2, 1, 2, 0),
(7392, 5050, 6871, 5442, 0, 40, 5, 2, 1, 0, 40),
(7393, 5051, 6872, 5443, 0, 10, 1, 4, 1, 0, 10),
(7394, 5052, 6873, 5444, 2, 0, 4, 2, 1, 2, 0),
(7395, 5053, 6876, 5446, 0, 30, 5, 2, 1, 0, 30),
(7396, 5054, 6875, 5445, 4, 0, 4, 2, 1, 4, 0),
(7397, 5055, 6880, 5450, 0, 14, 3, 6, 1, 0, 14),
(7398, 5056, 6881, 5451, 0, 4, 3, 6, 1, 0, 4),
(7399, 5057, 6877, 5447, 0, 10, 5, 2, 1, 0, 10),
(7400, 5061, 6882, 5452, 1, 30, 4, 2, 1, 1, 30),
(7401, 5064, 6878, 5448, 0, 15, 4, 2, 1, 0, 15),
(7402, 5058, 6876, 5446, 0, 30, 5, 2, 1, 0, 30),
(7403, 5059, 6884, 5454, 0, 1, 3, 6, 1, 0, 1),
(7404, 5067, 6889, 5459, 1, 0, 3, 6, 1, 1, 0),
(7405, 5060, 6886, 5456, 0, 30, 3, 6, 1, 0, 30),
(7406, 5062, 6878, 5448, 1, 45, 4, 2, 1, 1, 45),
(7407, 5063, 6879, 5449, 2, 0, 4, 2, 1, 2, 0),
(7408, 5065, 6879, 5449, 0, 15, 4, 2, 1, 0, 15),
(7409, 5066, 6888, 5458, 1, 0, 4, 2, 1, 1, 0),
(7410, 5068, 6886, 5456, 0, 10, 3, 6, 1, 0, 10),
(7411, 5069, 6890, 5460, 5, 0, 4, 2, 1, 5, 0),
(7412, 5070, 6895, 5465, 0, 15, 3, 6, 10, 0, 15),
(7413, 5071, 6897, 5467, 0, 15, 3, 6, 10, 0, 15),
(7414, 5080, 6891, 5461, 0, 30, 3, 6, 1, 0, 30),
(7415, 5072, 6898, 5468, 0, 2, 3, 6, 1, 0, 2),
(7416, 5073, 6902, 5472, 0, 10, 3, 6, 1, 0, 10),
(7417, 5074, 6904, 5474, 0, 2, 5, 2, 1, 0, 2),
(7418, 5075, 6906, 5476, 0, 10, 3, 6, 1, 0, 10),
(7419, 5076, 6909, 5479, 0, 20, 1, 4, 1, 0, 20),
(7420, 5077, 6908, 5478, 0, 20, 3, 6, 1, 0, 20),
(7421, 5078, 6910, 5480, 1, 0, 3, 6, 1, 1, 0),
(7422, 5085, 6912, 5482, 2, 0, 4, 2, 1, 2, 0),
(7423, 5079, 6913, 5483, 0, 15, 4, 2, 1, 0, 15),
(7424, 5081, 6905, 5475, 0, 15, 4, 2, 1, 0, 15),
(7425, 5082, 6900, 5470, 0, 15, 4, 2, 1, 0, 15),
(7426, 5083, 6885, 5455, 0, 10, 4, 2, 1, 0, 10),
(7427, 5084, 6914, 5484, 0, 10, 3, 6, 1, 0, 10),
(7428, 5088, 6915, 5485, 2, 51, 3, 6, 1, 2, 51),
(7429, 5086, 6911, 5481, 0, 1, 3, 6, 1, 0, 1),
(7430, 5087, 6886, 5456, 0, 1, 3, 6, 1, 0, 1),
(7431, 5089, 6915, 5485, 0, 50, 3, 6, 1, 0, 50),
(7432, 5090, 6916, 5486, 0, 10, 3, 6, 1, 0, 10),
(7433, 5091, 6918, 5488, 0, 45, 3, 6, 1, 0, 45),
(7434, 5092, 6919, 5489, 1, 0, 3, 6, 1, 1, 0),
(7435, 5093, 6920, 5490, 2, 30, 3, 6, 1, 2, 30),
(7436, 5094, 6921, 5491, 2, 30, 3, 6, 1, 2, 30),
(7437, 5095, 6912, 5482, 0, 10, 4, 2, 1, 0, 10),
(7438, 5096, 6922, 5492, 0, 45, 3, 6, 1, 0, 45),
(7439, 5097, 6923, 5493, 0, 20, 5, 2, 1, 0, 20),
(7440, 5098, 6919, 5489, 1, 0, 3, 6, 1, 1, 0),
(7441, 5099, 6932, 5499, 1, 30, 3, 6, 1, 1, 30),
(7442, 5102, 6930, 5498, 2, 0, 4, 2, 1, 2, 0),
(7443, 5103, 6925, 5495, 0, 10, 3, 6, 1, 0, 10),
(7444, 5100, 6932, 5499, 0, 5, 3, 6, 1, 0, 5),
(7445, 5101, 6933, 5500, 1, 0, 3, 6, 1, 1, 0),
(7446, 5104, 6938, 5504, 0, 15, 4, 2, 1, 0, 15),
(7447, 5105, 6944, 5510, 0, 1, 3, 6, 1, 0, 1),
(7448, 5106, 6940, 5506, 0, 1, 3, 6, 1, 0, 1),
(7449, 5107, 6937, 5503, 0, 45, 4, 2, 1, 0, 45),
(7450, 5108, 6949, 5515, 0, 1, 4, 2, 1, 0, 1),
(7451, 5109, 6950, 5516, 0, 15, 4, 2, 1, 0, 15),
(7452, 5110, 6954, 5519, 0, 56, 3, 6, 1, 0, 56),
(7453, 5112, 6968, 5531, 1, 0, 3, 6, 1, 1, 0),
(7454, 5113, 6969, 5532, 1, 0, 3, 6, 1, 1, 0),
(7455, 5111, 6956, 5521, 0, 20, 3, 6, 1, 0, 20),
(7456, 5114, 6967, 5530, 0, 3, 3, 6, 1, 0, 3),
(7457, 5115, 6978, 5538, 2, 0, 3, 6, 1, 2, 0),
(7458, 5116, 6971, 5533, 1, 0, 3, 6, 1, 1, 0),
(7459, 5117, 6980, 5540, 0, 15, 5, 2, 1, 0, 15),
(7460, 5118, 6952, 5518, 0, 0, 5, 2, 1, 0, 0),
(7461, 5119, 6952, 5518, 0, 5, 5, 2, 1, 0, 5),
(7462, 5128, 6993, 5553, 0, 30, 3, 6, 1, 0, 30),
(7463, 5120, 6989, 5549, 0, 30, 3, 6, 1, 0, 30),
(7464, 5121, 6990, 5550, 0, 5, 3, 6, 1, 0, 5),
(7465, 5122, 6988, 5548, 0, 1, 3, 6, 1, 0, 1),
(7466, 5123, 6986, 5546, 0, 10, 3, 6, 1, 0, 10),
(7467, 5124, 6992, 5552, 0, 30, 3, 6, 1, 0, 30),
(7468, 5125, 6996, 5556, 0, 30, 4, 2, 1, 0, 30),
(7469, 5126, 6998, 5558, 0, 30, 4, 2, 1, 0, 30),
(7470, 5127, 6997, 5557, 0, 30, 3, 6, 1, 0, 30),
(7471, 5129, 6993, 5553, 0, 22, 3, 6, 1, 0, 22),
(7472, 5130, 7001, 5561, 0, 10, 3, 6, 1, 0, 10),
(7473, 5131, 7000, 5560, 0, 2, 3, 6, 1, 0, 2),
(7474, 5132, 6992, 5552, 0, 20, 3, 6, 1, 0, 20),
(7475, 5133, 7002, 5562, 0, 20, 3, 6, 1, 0, 20),
(7476, 5134, 7003, 5563, 0, 20, 3, 6, 1, 0, 20),
(7477, 5135, 7004, 5564, 0, 50, 3, 6, 1, 0, 50),
(7478, 5137, 7006, 5566, 0, 30, 3, 6, 1, 0, 30),
(7479, 5136, 7005, 5565, 0, 1, 3, 6, 1, 0, 1),
(7480, 5138, 7007, 5567, 0, 10, 3, 6, 1, 0, 10),
(7481, 5139, 7009, 5569, 0, 25, 4, 2, 1, 0, 25),
(7482, 5140, 7008, 5568, 0, 20, 5, 2, 1, 0, 20),
(7483, 5141, 7016, 5576, 0, 20, 3, 6, 1, 0, 20),
(7484, 5142, 7015, 5575, 0, 7, 3, 6, 1, 0, 7),
(7485, 5143, 7017, 5577, 1, 30, 4, 2, 1, 1, 30),
(7486, 5144, 7018, 5578, 0, 2, 3, 6, 1, 0, 2),
(7487, 5145, 7019, 5579, 0, 10, 3, 6, 1, 0, 10),
(7488, 5146, 7021, 5581, 0, 45, 3, 6, 1, 0, 45),
(7489, 5147, 7022, 5582, 0, 30, 5, 2, 1, 0, 30),
(7490, 5148, 7023, 5583, 0, 30, 5, 2, 1, 0, 30),
(7491, 5149, 7024, 5584, 0, 15, 4, 2, 1, 0, 15),
(7492, 5150, 7029, 5589, 0, 10, 3, 6, 1, 0, 10),
(7493, 5156, 7038, 5597, 2, 0, 3, 6, 1, 2, 0),
(7494, 5151, 7033, 5593, 0, 15, 5, 2, 1, 0, 15),
(7495, 5154, 7034, 5594, 0, 25, 4, 2, 1, 0, 25),
(7496, 5152, 7029, 5589, 1, 30, 3, 6, 1, 1, 30),
(7497, 5153, 7026, 5586, 0, 1, 3, 6, 1, 0, 1),
(7498, 5155, 7027, 5587, 0, 30, 1, 4, 1, 0, 30),
(7499, 5157, 7038, 5597, 2, 0, 3, 6, 1, 2, 0),
(7500, 5158, 7037, 5596, 0, 45, 3, 6, 1, 0, 45),
(7501, 5159, 7043, 5602, 0, 15, 3, 6, 1, 0, 15),
(7502, 5160, 6725, 5309, 1, 0, 3, 6, 1, 1, 0),
(7503, 5162, 7030, 5590, 0, 15, 3, 4, 1, 0, 15),
(7504, 5161, 7031, 5591, 0, 15, 3, 4, 1, 0, 15),
(7505, 5163, 7035, 5595, 0, 15, 3, 6, 1, 0, 15),
(7506, 5164, 7041, 5600, 0, 10, 5, 2, 1, 0, 10),
(7507, 5165, 7042, 5601, 0, 30, 3, 6, 1, 0, 30),
(7508, 5166, 7035, 5595, 0, 30, 3, 6, 1, 0, 30),
(7509, 5167, 7039, 5598, 0, 20, 3, 6, 1, 0, 20),
(7510, 5168, 7051, 5608, 1, 30, 3, 6, 1, 1, 30),
(7511, 5169, 7051, 5608, 0, 10, 3, 6, 1, 0, 10),
(7512, 5170, 7049, 5607, 0, 10, 3, 6, 1, 0, 10),
(7513, 5171, 7027, 5587, 2, 0, 1, 4, 1, 2, 0),
(7514, 5172, 7054, 5611, 0, 15, 3, 4, 1, 0, 15),
(7515, 5173, 7055, 5612, 2, 0, 1, 4, 1, 2, 0),
(7516, 5174, 7053, 5610, 1, 30, 3, 6, 1, 1, 30),
(7517, 5176, 7042, 5601, 0, 45, 3, 6, 1, 0, 45),
(7518, 5175, 7056, 5613, 0, 30, 3, 6, 1, 0, 30),
(7519, 5177, 7057, 5614, 0, 15, 3, 4, 1, 0, 15),
(7520, 5178, 7059, 5616, 0, 5, 3, 6, 1, 0, 5),
(7521, 5179, 7060, 5617, 0, 5, 3, 6, 1, 0, 5),
(7522, 5180, 7060, 5617, 0, 5, 3, 6, 1, 0, 5),
(7523, 5181, 7030, 5590, 2, 0, 3, 4, 1, 2, 0),
(7524, 5182, 7062, 5619, 0, 45, 3, 6, 1, 0, 45),
(7525, 5183, 7063, 5620, 0, 5, 5, 2, 1, 0, 5);

-- --------------------------------------------------------

--
-- Table structure for table `user`
--

CREATE TABLE IF NOT EXISTS `user` (
  `id` int(11) NOT NULL AUTO_INCREMENT,
  `username` varchar(255) COLLATE utf8_unicode_ci NOT NULL,
  `email` varchar(255) COLLATE utf8_unicode_ci NOT NULL,
  `password_hash` varchar(255) COLLATE utf8_unicode_ci NOT NULL,
  `status` smallint(6) NOT NULL,
  `auth_key` varchar(32) COLLATE utf8_unicode_ci NOT NULL,
  `password_reset_token` varchar(255) COLLATE utf8_unicode_ci DEFAULT NULL,
  `account_activation_token` varchar(255) COLLATE utf8_unicode_ci DEFAULT NULL,
  `created_at` int(11) NOT NULL,
  `updated_at` int(11) NOT NULL,
  `firstname` varchar(100) COLLATE utf8_unicode_ci NOT NULL,
  `surname` varchar(100) COLLATE utf8_unicode_ci NOT NULL,
  `labtech_id` int(10) NOT NULL,
  PRIMARY KEY (`id`)
) ENGINE=InnoDB  DEFAULT CHARSET=utf8 COLLATE=utf8_unicode_ci AUTO_INCREMENT=16 ;

--
-- Dumping data for table `user`
--

INSERT INTO `user` (`id`, `username`, `email`, `password_hash`, `status`, `auth_key`, `password_reset_token`, `account_activation_token`, `created_at`, `updated_at`, `firstname`, `surname`, `labtech_id`) VALUES
(2, 'stsadmin', 'stsadmin@sapient-tech.com.au', '$2y$13$EvP1mu/iRq6xqIp4oKaAoOgBaCnJUImEFdXwH39NK7CvKOiosvHtK', 10, 'BqH0sfhID-iGM37FxP_AUG8JV-ndRJFs', NULL, NULL, 1426969380, 1426969380, '', '', 0),
(5, 'shamus', 'shamus.dougan@sapient-tech.com.au', '$2y$13$a0JVb.KGIEintCd4Jo89zuSsG0gPXOGr8AaoTAFiCLYUkechkT9/a', 10, 'IUTHnAzXzyW5YOof6D-OwievOpQWP9nQ', NULL, NULL, 1427250473, 1427253473, 'Shamus', 'Dougan', 3),
(13, 'charles', 'charles.foletta@sapient-tech.com.au', '', 10, '', NULL, NULL, 1458257284, 1458257284, 'charles', '', 4),
(14, 'jeremy', 'jeremy@sapient-tech.com.au', '', 10, '', NULL, NULL, 1458257284, 1458257284, 'jeremy', '', 8),
(15, 'System', 'Me@here.com', '', 10, '', NULL, NULL, 1458259434, 1458259459, 'Admin', '', 1);

--
-- Constraints for dumped tables
--

--
-- Constraints for table `article`
--
ALTER TABLE `article`
  ADD CONSTRAINT `article_ibfk_1` FOREIGN KEY (`user_id`) REFERENCES `user` (`id`) ON DELETE CASCADE ON UPDATE CASCADE;

--
-- Constraints for table `auth_assignment`
--
ALTER TABLE `auth_assignment`
  ADD CONSTRAINT `auth_assignment_ibfk_1` FOREIGN KEY (`item_name`) REFERENCES `auth_item` (`name`) ON DELETE CASCADE ON UPDATE CASCADE;

--
-- Constraints for table `auth_item`
--
ALTER TABLE `auth_item`
  ADD CONSTRAINT `auth_item_ibfk_1` FOREIGN KEY (`rule_name`) REFERENCES `auth_rule` (`name`) ON DELETE SET NULL ON UPDATE CASCADE;

--
-- Constraints for table `auth_item_child`
--
ALTER TABLE `auth_item_child`
  ADD CONSTRAINT `auth_item_child_ibfk_1` FOREIGN KEY (`parent`) REFERENCES `auth_item` (`name`) ON DELETE CASCADE ON UPDATE CASCADE,
  ADD CONSTRAINT `auth_item_child_ibfk_2` FOREIGN KEY (`child`) REFERENCES `auth_item` (`name`) ON DELETE CASCADE ON UPDATE CASCADE;

/*!40101 SET CHARACTER_SET_CLIENT=@OLD_CHARACTER_SET_CLIENT */;
/*!40101 SET CHARACTER_SET_RESULTS=@OLD_CHARACTER_SET_RESULTS */;
/*!40101 SET COLLATION_CONNECTION=@OLD_COLLATION_CONNECTION */;
