-- phpMyAdmin SQL Dump
-- version 4.2.7.1
-- http://www.phpmyadmin.net
--
-- Host: 127.0.0.1
-- Generation Time: May 22, 2015 at 07:40 AM
-- Server version: 5.6.20
-- PHP Version: 5.5.15

SET SQL_MODE = "NO_AUTO_VALUE_ON_ZERO";
SET time_zone = "+00:00";


/*!40101 SET @OLD_CHARACTER_SET_CLIENT=@@CHARACTER_SET_CLIENT */;
/*!40101 SET @OLD_CHARACTER_SET_RESULTS=@@CHARACTER_SET_RESULTS */;
/*!40101 SET @OLD_COLLATION_CONNECTION=@@COLLATION_CONNECTION */;
/*!40101 SET NAMES utf8 */;

--
-- Database: `sapient_imp`
--

-- --------------------------------------------------------

--
-- Table structure for table `article`
--

CREATE TABLE IF NOT EXISTS `article` (
`id` int(11) NOT NULL,
  `user_id` int(11) NOT NULL,
  `title` varchar(255) COLLATE utf8_unicode_ci NOT NULL,
  `summary` text COLLATE utf8_unicode_ci NOT NULL,
  `content` text COLLATE utf8_unicode_ci NOT NULL,
  `status` int(11) NOT NULL,
  `category` int(11) NOT NULL,
  `created_at` int(11) NOT NULL,
  `updated_at` int(11) NOT NULL
) ENGINE=InnoDB DEFAULT CHARSET=utf8 COLLATE=utf8_unicode_ci AUTO_INCREMENT=1 ;

-- --------------------------------------------------------

--
-- Table structure for table `auth_assignment`
--

CREATE TABLE IF NOT EXISTS `auth_assignment` (
  `item_name` varchar(64) COLLATE utf8_unicode_ci NOT NULL,
  `user_id` int(11) NOT NULL,
  `created_at` int(11) DEFAULT NULL
) ENGINE=InnoDB DEFAULT CHARSET=utf8 COLLATE=utf8_unicode_ci;

--
-- Dumping data for table `auth_assignment`
--

INSERT INTO `auth_assignment` (`item_name`, `user_id`, `created_at`) VALUES
('Technician', 5, NULL),
('theCreator', 2, 1426969380);

-- --------------------------------------------------------

--
-- Table structure for table `auth_item`
--

CREATE TABLE IF NOT EXISTS `auth_item` (
  `name` varchar(64) COLLATE utf8_unicode_ci NOT NULL,
  `type` int(11) NOT NULL,
  `description` text COLLATE utf8_unicode_ci,
  `rule_name` varchar(64) COLLATE utf8_unicode_ci DEFAULT NULL,
  `data` text COLLATE utf8_unicode_ci,
  `created_at` int(11) DEFAULT NULL,
  `updated_at` int(11) DEFAULT NULL
) ENGINE=InnoDB DEFAULT CHARSET=utf8 COLLATE=utf8_unicode_ci;

--
-- Dumping data for table `auth_item`
--

INSERT INTO `auth_item` (`name`, `type`, `description`, `rule_name`, `data`, `created_at`, `updated_at`) VALUES
('Accounts', 1, 'Accounts can create invoices and billiongs from tickets', NULL, NULL, 1427246611, 1427246611),
('IMP Admin', 1, 'IMP Admin can modify settings in the Application', NULL, NULL, 1427246611, 1427246611),
('Technician', 1, 'Technician can look at and modify tickets, add purchases and other items to a ticket', NULL, NULL, 1427246611, 1427246611),
('theCreator', 1, 'You!', NULL, NULL, 1426969342, 1426969342),
('useAccounts', 2, 'Allows Users to interact with the Accounts Subsystem', NULL, NULL, 1427246610, 1427246610),
('useAdmin', 2, 'Allows Users to interact with the Admin Subsystem', NULL, NULL, 1427246610, 1427246610),
('useTickets', 2, 'Allows Users to interact with the Ticket Subsystem', NULL, NULL, 1427246610, 1427246610);

-- --------------------------------------------------------

--
-- Table structure for table `auth_item_child`
--

CREATE TABLE IF NOT EXISTS `auth_item_child` (
  `parent` varchar(64) COLLATE utf8_unicode_ci NOT NULL,
  `child` varchar(64) COLLATE utf8_unicode_ci NOT NULL
) ENGINE=InnoDB DEFAULT CHARSET=utf8 COLLATE=utf8_unicode_ci;

--
-- Dumping data for table `auth_item_child`
--

INSERT INTO `auth_item_child` (`parent`, `child`) VALUES
('Accounts', 'useAccounts'),
('IMP Admin', 'useAccounts'),
('theCreator', 'useAccounts'),
('IMP Admin', 'useAdmin'),
('theCreator', 'useAdmin'),
('Accounts', 'useTickets'),
('IMP Admin', 'useTickets'),
('Technician', 'useTickets'),
('theCreator', 'useTickets');

-- --------------------------------------------------------

--
-- Table structure for table `auth_rule`
--

CREATE TABLE IF NOT EXISTS `auth_rule` (
  `name` varchar(64) COLLATE utf8_unicode_ci NOT NULL,
  `data` text COLLATE utf8_unicode_ci,
  `created_at` int(11) DEFAULT NULL,
  `updated_at` int(11) DEFAULT NULL
) ENGINE=InnoDB DEFAULT CHARSET=utf8 COLLATE=utf8_unicode_ci;

--
-- Dumping data for table `auth_rule`
--

INSERT INTO `auth_rule` (`name`, `data`, `created_at`, `updated_at`) VALUES
('isAuthor', 'O:25:"app\\rbac\\rules\\AuthorRule":3:{s:4:"name";s:8:"isAuthor";s:9:"createdAt";i:1426969341;s:9:"updatedAt";i:1426969341;}', 1426969341, 1426969341);

-- --------------------------------------------------------

--
-- Table structure for table `client`
--

CREATE TABLE IF NOT EXISTS `client` (
`id` int(11) NOT NULL,
  `name` varchar(500) NOT NULL,
  `ownerContact` int(11) DEFAULT NULL,
  `authorizedContact` int(11) DEFAULT NULL,
  `billingContact` int(11) DEFAULT NULL,
  `address` varchar(500) DEFAULT NULL,
  `city` varchar(500) DEFAULT NULL,
  `state` int(5) DEFAULT NULL,
  `postcode` int(4) DEFAULT NULL,
  `phone1` int(10) DEFAULT NULL,
  `phone2` int(10) DEFAULT NULL,
  `ABN` int(10) DEFAULT NULL,
  `IntegrationID1` int(11) DEFAULT NULL,
  `IntegrationID2` int(11) DEFAULT NULL,
  `IntegrationID3` int(11) DEFAULT NULL,
  `defaultBillingRate` int(11) NOT NULL,
  `deafultBillingType` int(11) NOT NULL
) ENGINE=InnoDB DEFAULT CHARSET=latin1 AUTO_INCREMENT=1 ;

-- --------------------------------------------------------

--
-- Table structure for table `migration`
--

CREATE TABLE IF NOT EXISTS `migration` (
  `version` varchar(180) NOT NULL,
  `apply_time` int(11) DEFAULT NULL
) ENGINE=InnoDB DEFAULT CHARSET=latin1;

--
-- Dumping data for table `migration`
--

INSERT INTO `migration` (`version`, `apply_time`) VALUES
('m000000_000000_base', 1426969065),
('m141022_115823_create_user_table', 1426969071),
('m141022_115912_create_rbac_tables', 1426969073),
('m150104_153617_create_article_table', 1426969073);

-- --------------------------------------------------------

--
-- Table structure for table `syncrelationships`
--

CREATE TABLE IF NOT EXISTS `syncrelationships` (
`index` int(11) NOT NULL,
  `impModelName` varchar(200) NOT NULL,
  `endPointName` varchar(200) NOT NULL,
  `endPointDBName` varchar(200) NOT NULL,
  `endPointDBTable` varchar(200) NOT NULL,
  `endPointDBUser` varchar(200) NOT NULL,
  `endPointDBPassword` varchar(200) NOT NULL,
  `syncFunctionName` varchar(200) NOT NULL,
  `frequenyMin` int(11) NOT NULL DEFAULT '60',
  `lastSync` datetime DEFAULT NULL,
  `LastStatus` int(11) DEFAULT NULL,
  `LastStatusData` varchar(500) DEFAULT NULL
) ENGINE=InnoDB  DEFAULT CHARSET=latin1 AUTO_INCREMENT=2 ;

--
-- Dumping data for table `syncrelationships`
--

INSERT INTO `syncrelationships` (`index`, `impModelName`, `endPointName`, `endPointDBName`, `endPointDBTable`, `endPointDBUser`, `endPointDBPassword`, `syncFunctionName`, `frequenyMin`, `lastSync`, `LastStatus`, `LastStatusData`) VALUES
(1, 'client', 'Labtech', 'clients', '', '', '', '', 30, NULL, NULL, '');

-- --------------------------------------------------------

--
-- Table structure for table `user`
--

CREATE TABLE IF NOT EXISTS `user` (
`id` int(11) NOT NULL,
  `username` varchar(255) COLLATE utf8_unicode_ci NOT NULL,
  `email` varchar(255) COLLATE utf8_unicode_ci NOT NULL,
  `password_hash` varchar(255) COLLATE utf8_unicode_ci NOT NULL,
  `status` smallint(6) NOT NULL,
  `auth_key` varchar(32) COLLATE utf8_unicode_ci NOT NULL,
  `password_reset_token` varchar(255) COLLATE utf8_unicode_ci DEFAULT NULL,
  `account_activation_token` varchar(255) COLLATE utf8_unicode_ci DEFAULT NULL,
  `created_at` int(11) NOT NULL,
  `updated_at` int(11) NOT NULL
) ENGINE=InnoDB  DEFAULT CHARSET=utf8 COLLATE=utf8_unicode_ci AUTO_INCREMENT=6 ;

--
-- Dumping data for table `user`
--

INSERT INTO `user` (`id`, `username`, `email`, `password_hash`, `status`, `auth_key`, `password_reset_token`, `account_activation_token`, `created_at`, `updated_at`) VALUES
(2, 'stsadmin', 'shamus.dougan@sapient-tech.com.au', '$2y$13$EvP1mu/iRq6xqIp4oKaAoOgBaCnJUImEFdXwH39NK7CvKOiosvHtK', 10, 'BqH0sfhID-iGM37FxP_AUG8JV-ndRJFs', NULL, NULL, 1426969380, 1426969380),
(5, 'shamus', 'test@test.com', '$2y$13$a0JVb.KGIEintCd4Jo89zuSsG0gPXOGr8AaoTAFiCLYUkechkT9/a', 10, 'IUTHnAzXzyW5YOof6D-OwievOpQWP9nQ', NULL, NULL, 1427250473, 1427253473);

--
-- Indexes for dumped tables
--

--
-- Indexes for table `article`
--
ALTER TABLE `article`
 ADD PRIMARY KEY (`id`), ADD KEY `user_id` (`user_id`);

--
-- Indexes for table `auth_assignment`
--
ALTER TABLE `auth_assignment`
 ADD PRIMARY KEY (`item_name`,`user_id`);

--
-- Indexes for table `auth_item`
--
ALTER TABLE `auth_item`
 ADD PRIMARY KEY (`name`), ADD KEY `rule_name` (`rule_name`), ADD KEY `idx-auth_item-type` (`type`);

--
-- Indexes for table `auth_item_child`
--
ALTER TABLE `auth_item_child`
 ADD PRIMARY KEY (`parent`,`child`), ADD KEY `child` (`child`);

--
-- Indexes for table `auth_rule`
--
ALTER TABLE `auth_rule`
 ADD PRIMARY KEY (`name`);

--
-- Indexes for table `client`
--
ALTER TABLE `client`
 ADD PRIMARY KEY (`id`);

--
-- Indexes for table `migration`
--
ALTER TABLE `migration`
 ADD PRIMARY KEY (`version`);

--
-- Indexes for table `syncrelationships`
--
ALTER TABLE `syncrelationships`
 ADD PRIMARY KEY (`index`);

--
-- Indexes for table `user`
--
ALTER TABLE `user`
 ADD PRIMARY KEY (`id`);

--
-- AUTO_INCREMENT for dumped tables
--

--
-- AUTO_INCREMENT for table `article`
--
ALTER TABLE `article`
MODIFY `id` int(11) NOT NULL AUTO_INCREMENT;
--
-- AUTO_INCREMENT for table `client`
--
ALTER TABLE `client`
MODIFY `id` int(11) NOT NULL AUTO_INCREMENT;
--
-- AUTO_INCREMENT for table `syncrelationships`
--
ALTER TABLE `syncrelationships`
MODIFY `index` int(11) NOT NULL AUTO_INCREMENT,AUTO_INCREMENT=2;
--
-- AUTO_INCREMENT for table `user`
--
ALTER TABLE `user`
MODIFY `id` int(11) NOT NULL AUTO_INCREMENT,AUTO_INCREMENT=6;
--
-- Constraints for dumped tables
--

--
-- Constraints for table `article`
--
ALTER TABLE `article`
ADD CONSTRAINT `article_ibfk_1` FOREIGN KEY (`user_id`) REFERENCES `user` (`id`) ON DELETE CASCADE ON UPDATE CASCADE;

--
-- Constraints for table `auth_assignment`
--
ALTER TABLE `auth_assignment`
ADD CONSTRAINT `auth_assignment_ibfk_1` FOREIGN KEY (`item_name`) REFERENCES `auth_item` (`name`) ON DELETE CASCADE ON UPDATE CASCADE;

--
-- Constraints for table `auth_item`
--
ALTER TABLE `auth_item`
ADD CONSTRAINT `auth_item_ibfk_1` FOREIGN KEY (`rule_name`) REFERENCES `auth_rule` (`name`) ON DELETE SET NULL ON UPDATE CASCADE;

--
-- Constraints for table `auth_item_child`
--
ALTER TABLE `auth_item_child`
ADD CONSTRAINT `auth_item_child_ibfk_1` FOREIGN KEY (`parent`) REFERENCES `auth_item` (`name`) ON DELETE CASCADE ON UPDATE CASCADE,
ADD CONSTRAINT `auth_item_child_ibfk_2` FOREIGN KEY (`child`) REFERENCES `auth_item` (`name`) ON DELETE CASCADE ON UPDATE CASCADE;

/*!40101 SET CHARACTER_SET_CLIENT=@OLD_CHARACTER_SET_CLIENT */;
/*!40101 SET CHARACTER_SET_RESULTS=@OLD_CHARACTER_SET_RESULTS */;
/*!40101 SET COLLATION_CONNECTION=@OLD_COLLATION_CONNECTION */;
